nohup: girdi yok sayılıyor
Socket server listening on 3000
socket connected: qdBIugXAAYxuQzhTAAAB
rr_event 82b8bc85-ab5d-4774-8ceb-4bf61d2a9512 4
socket disconnected qdBIugXAAYxuQzhTAAAB transport error
socket connected: gBWSGaKuunmgA8XMAAAD
rr_event 82b8bc85-ab5d-4774-8ceb-4bf61d2a9512 3
rr_event 82b8bc85-ab5d-4774-8ceb-4bf61d2a9512 3
rr_event 82b8bc85-ab5d-4774-8ceb-4bf61d2a9512 3
rr_event 82b8bc85-ab5d-4774-8ceb-4bf61d2a9512 3
auth attempt {
  session_name: '82b8bc85-ab5d-4774-8ceb-4bf61d2a9512',
  token: '8348e09131ae438ba361126ccb441985',
  role: 'target'
}
socket auth validated ok for 82b8bc85-ab5d-4774-8ceb-4bf61d2a9512
rr_event 82b8bc85-ab5d-4774-8ceb-4bf61d2a9512 3
rr_event 82b8bc85-ab5d-4774-8ceb-4bf61d2a9512 3
rr_event 82b8bc85-ab5d-4774-8ceb-4bf61d2a9512 3
rr_event 82b8bc85-ab5d-4774-8ceb-4bf61d2a9512 3
rr_event 82b8bc85-ab5d-4774-8ceb-4bf61d2a9512 3
rr_event 82b8bc85-ab5d-4774-8ceb-4bf61d2a9512 3
rr_event 82b8bc85-ab5d-4774-8ceb-4bf61d2a9512 3
rr_event 82b8bc85-ab5d-4774-8ceb-4bf61d2a9512 3
socket disconnected gBWSGaKuunmgA8XMAAAD transport close
socket connected: Yx2ju-MVeN9qIvQJAAAF
rr_event b4cb04f0-0d31-487f-bfa8-510ba29841ac 4
socket disconnected Yx2ju-MVeN9qIvQJAAAF transport error
socket connected: OlaBnH8g2ycA6CJmAAAH
rr_event b4cb04f0-0d31-487f-bfa8-510ba29841ac 3
rr_event b4cb04f0-0d31-487f-bfa8-510ba29841ac 3
rr_event b4cb04f0-0d31-487f-bfa8-510ba29841ac 3
rr_event b4cb04f0-0d31-487f-bfa8-510ba29841ac 3
auth attempt {
  session_name: 'b4cb04f0-0d31-487f-bfa8-510ba29841ac',
  token: '28cfdd146f7d4f389ab647d07efc4ffd',
  role: 'target'
}
socket auth validated ok for b4cb04f0-0d31-487f-bfa8-510ba29841ac
rr_event b4cb04f0-0d31-487f-bfa8-510ba29841ac 3
rr_event b4cb04f0-0d31-487f-bfa8-510ba29841ac 3
rr_event b4cb04f0-0d31-487f-bfa8-510ba29841ac 3
rr_event b4cb04f0-0d31-487f-bfa8-510ba29841ac 3
rr_event b4cb04f0-0d31-487f-bfa8-510ba29841ac 3
rr_event b4cb04f0-0d31-487f-bfa8-510ba29841ac 3
rr_event b4cb04f0-0d31-487f-bfa8-510ba29841ac 3
rr_event b4cb04f0-0d31-487f-bfa8-510ba29841ac 3
rr_event b4cb04f0-0d31-487f-bfa8-510ba29841ac 3
rr_event b4cb04f0-0d31-487f-bfa8-510ba29841ac 3
rr_event b4cb04f0-0d31-487f-bfa8-510ba29841ac 3
rr_event b4cb04f0-0d31-487f-bfa8-510ba29841ac 3
rr_event b4cb04f0-0d31-487f-bfa8-510ba29841ac 3
rr_event b4cb04f0-0d31-487f-bfa8-510ba29841ac 3
rr_event b4cb04f0-0d31-487f-bfa8-510ba29841ac 3
rr_event b4cb04f0-0d31-487f-bfa8-510ba29841ac 3
rr_event b4cb04f0-0d31-487f-bfa8-510ba29841ac 3
rr_event b4cb04f0-0d31-487f-bfa8-510ba29841ac 3
rr_event b4cb04f0-0d31-487f-bfa8-510ba29841ac 3
rr_event b4cb04f0-0d31-487f-bfa8-510ba29841ac 3
rr_event b4cb04f0-0d31-487f-bfa8-510ba29841ac 3
rr_event b4cb04f0-0d31-487f-bfa8-510ba29841ac 3
rr_event b4cb04f0-0d31-487f-bfa8-510ba29841ac 3
rr_event b4cb04f0-0d31-487f-bfa8-510ba29841ac 3
rr_event b4cb04f0-0d31-487f-bfa8-510ba29841ac 3
rr_event b4cb04f0-0d31-487f-bfa8-510ba29841ac 3
rr_event b4cb04f0-0d31-487f-bfa8-510ba29841ac 3
rr_event b4cb04f0-0d31-487f-bfa8-510ba29841ac 3
rr_event b4cb04f0-0d31-487f-bfa8-510ba29841ac 3
rr_event b4cb04f0-0d31-487f-bfa8-510ba29841ac 3
rr_event b4cb04f0-0d31-487f-bfa8-510ba29841ac 3
rr_event b4cb04f0-0d31-487f-bfa8-510ba29841ac 3
rr_event b4cb04f0-0d31-487f-bfa8-510ba29841ac 3
rr_event b4cb04f0-0d31-487f-bfa8-510ba29841ac 3
rr_event b4cb04f0-0d31-487f-bfa8-510ba29841ac 3
rr_event b4cb04f0-0d31-487f-bfa8-510ba29841ac 3
rr_event b4cb04f0-0d31-487f-bfa8-510ba29841ac 3
rr_event b4cb04f0-0d31-487f-bfa8-510ba29841ac 3
rr_event b4cb04f0-0d31-487f-bfa8-510ba29841ac 3
rr_event b4cb04f0-0d31-487f-bfa8-510ba29841ac 3
rr_event b4cb04f0-0d31-487f-bfa8-510ba29841ac 3
rr_event b4cb04f0-0d31-487f-bfa8-510ba29841ac 3
rr_event b4cb04f0-0d31-487f-bfa8-510ba29841ac 3
rr_event b4cb04f0-0d31-487f-bfa8-510ba29841ac 3
rr_event b4cb04f0-0d31-487f-bfa8-510ba29841ac 3
rr_event b4cb04f0-0d31-487f-bfa8-510ba29841ac 3
rr_event b4cb04f0-0d31-487f-bfa8-510ba29841ac 3
rr_event b4cb04f0-0d31-487f-bfa8-510ba29841ac 3
rr_event b4cb04f0-0d31-487f-bfa8-510ba29841ac 3
rr_event b4cb04f0-0d31-487f-bfa8-510ba29841ac 3
rr_event b4cb04f0-0d31-487f-bfa8-510ba29841ac 3
rr_event b4cb04f0-0d31-487f-bfa8-510ba29841ac 3
rr_event b4cb04f0-0d31-487f-bfa8-510ba29841ac 3
rr_event b4cb04f0-0d31-487f-bfa8-510ba29841ac 3
rr_event b4cb04f0-0d31-487f-bfa8-510ba29841ac 3
rr_event b4cb04f0-0d31-487f-bfa8-510ba29841ac 3
rr_event b4cb04f0-0d31-487f-bfa8-510ba29841ac 3
rr_event b4cb04f0-0d31-487f-bfa8-510ba29841ac 3
rr_event b4cb04f0-0d31-487f-bfa8-510ba29841ac 3
rr_event b4cb04f0-0d31-487f-bfa8-510ba29841ac 3
rr_event b4cb04f0-0d31-487f-bfa8-510ba29841ac 3
rr_event b4cb04f0-0d31-487f-bfa8-510ba29841ac 3
rr_event b4cb04f0-0d31-487f-bfa8-510ba29841ac 3
rr_event b4cb04f0-0d31-487f-bfa8-510ba29841ac 3
rr_event b4cb04f0-0d31-487f-bfa8-510ba29841ac 3
rr_event b4cb04f0-0d31-487f-bfa8-510ba29841ac 3
rr_event b4cb04f0-0d31-487f-bfa8-510ba29841ac 3
rr_event b4cb04f0-0d31-487f-bfa8-510ba29841ac 3
rr_event b4cb04f0-0d31-487f-bfa8-510ba29841ac 3
rr_event b4cb04f0-0d31-487f-bfa8-510ba29841ac 3
rr_event b4cb04f0-0d31-487f-bfa8-510ba29841ac 3
rr_event b4cb04f0-0d31-487f-bfa8-510ba29841ac 3
rr_event b4cb04f0-0d31-487f-bfa8-510ba29841ac 3
rr_event b4cb04f0-0d31-487f-bfa8-510ba29841ac 3
rr_event b4cb04f0-0d31-487f-bfa8-510ba29841ac 3
rr_event b4cb04f0-0d31-487f-bfa8-510ba29841ac 3
rr_event b4cb04f0-0d31-487f-bfa8-510ba29841ac 3
rr_event b4cb04f0-0d31-487f-bfa8-510ba29841ac 3
rr_event b4cb04f0-0d31-487f-bfa8-510ba29841ac 3
rr_event b4cb04f0-0d31-487f-bfa8-510ba29841ac 3
rr_event b4cb04f0-0d31-487f-bfa8-510ba29841ac 3
rr_event b4cb04f0-0d31-487f-bfa8-510ba29841ac 3
rr_event b4cb04f0-0d31-487f-bfa8-510ba29841ac 3
rr_event b4cb04f0-0d31-487f-bfa8-510ba29841ac 3
rr_event b4cb04f0-0d31-487f-bfa8-510ba29841ac 3
rr_event b4cb04f0-0d31-487f-bfa8-510ba29841ac 3
rr_event b4cb04f0-0d31-487f-bfa8-510ba29841ac 3
rr_event b4cb04f0-0d31-487f-bfa8-510ba29841ac 3
rr_event b4cb04f0-0d31-487f-bfa8-510ba29841ac 3
rr_event b4cb04f0-0d31-487f-bfa8-510ba29841ac 3
rr_event b4cb04f0-0d31-487f-bfa8-510ba29841ac 3
rr_event b4cb04f0-0d31-487f-bfa8-510ba29841ac 3
rr_event b4cb04f0-0d31-487f-bfa8-510ba29841ac 3
rr_event b4cb04f0-0d31-487f-bfa8-510ba29841ac 3
rr_event b4cb04f0-0d31-487f-bfa8-510ba29841ac 3
rr_event b4cb04f0-0d31-487f-bfa8-510ba29841ac 3
rr_event b4cb04f0-0d31-487f-bfa8-510ba29841ac 3
rr_event b4cb04f0-0d31-487f-bfa8-510ba29841ac 3
rr_event b4cb04f0-0d31-487f-bfa8-510ba29841ac 3
rr_event b4cb04f0-0d31-487f-bfa8-510ba29841ac 3
rr_event b4cb04f0-0d31-487f-bfa8-510ba29841ac 3
rr_event b4cb04f0-0d31-487f-bfa8-510ba29841ac 3
rr_event b4cb04f0-0d31-487f-bfa8-510ba29841ac 3
rr_event b4cb04f0-0d31-487f-bfa8-510ba29841ac 3
rr_event b4cb04f0-0d31-487f-bfa8-510ba29841ac 3
rr_event b4cb04f0-0d31-487f-bfa8-510ba29841ac 3
rr_event b4cb04f0-0d31-487f-bfa8-510ba29841ac 3
rr_event b4cb04f0-0d31-487f-bfa8-510ba29841ac 3
rr_event b4cb04f0-0d31-487f-bfa8-510ba29841ac 3
rr_event b4cb04f0-0d31-487f-bfa8-510ba29841ac 3
rr_event b4cb04f0-0d31-487f-bfa8-510ba29841ac 3
rr_event b4cb04f0-0d31-487f-bfa8-510ba29841ac 3
rr_event b4cb04f0-0d31-487f-bfa8-510ba29841ac 3
rr_event b4cb04f0-0d31-487f-bfa8-510ba29841ac 3
rr_event b4cb04f0-0d31-487f-bfa8-510ba29841ac 3
rr_event b4cb04f0-0d31-487f-bfa8-510ba29841ac 3
socket connected: kSVp3Utd919gpXwvAAAJ
rr_event 5cd1ac7b-bd45-4781-b2cf-101481ae1abe 4
socket disconnected kSVp3Utd919gpXwvAAAJ transport error
socket connected: 0Ag5MQxkBJrxbOSSAAAL
rr_event 5cd1ac7b-bd45-4781-b2cf-101481ae1abe 3
rr_event 5cd1ac7b-bd45-4781-b2cf-101481ae1abe 3
rr_event 5cd1ac7b-bd45-4781-b2cf-101481ae1abe 3
rr_event 5cd1ac7b-bd45-4781-b2cf-101481ae1abe 3
rr_event 5cd1ac7b-bd45-4781-b2cf-101481ae1abe 3
rr_event 5cd1ac7b-bd45-4781-b2cf-101481ae1abe 3
rr_event 5cd1ac7b-bd45-4781-b2cf-101481ae1abe 3
auth attempt {
  session_name: '5cd1ac7b-bd45-4781-b2cf-101481ae1abe',
  token: '68fcbf147aca44f1a6acaa8b5f70cc08',
  role: 'target'
}
socket auth validated ok for 5cd1ac7b-bd45-4781-b2cf-101481ae1abe
rr_event 5cd1ac7b-bd45-4781-b2cf-101481ae1abe 3
rr_event 5cd1ac7b-bd45-4781-b2cf-101481ae1abe 3
rr_event 5cd1ac7b-bd45-4781-b2cf-101481ae1abe 3
rr_event 5cd1ac7b-bd45-4781-b2cf-101481ae1abe 3
rr_event 5cd1ac7b-bd45-4781-b2cf-101481ae1abe 3
rr_event 5cd1ac7b-bd45-4781-b2cf-101481ae1abe 3
rr_event 5cd1ac7b-bd45-4781-b2cf-101481ae1abe 3
rr_event 5cd1ac7b-bd45-4781-b2cf-101481ae1abe 3
rr_event 5cd1ac7b-bd45-4781-b2cf-101481ae1abe 3
rr_event 5cd1ac7b-bd45-4781-b2cf-101481ae1abe 3
rr_event 5cd1ac7b-bd45-4781-b2cf-101481ae1abe 3
rr_event 5cd1ac7b-bd45-4781-b2cf-101481ae1abe 3
rr_event 5cd1ac7b-bd45-4781-b2cf-101481ae1abe 3
rr_event 5cd1ac7b-bd45-4781-b2cf-101481ae1abe 3
rr_event 5cd1ac7b-bd45-4781-b2cf-101481ae1abe 3
rr_event 5cd1ac7b-bd45-4781-b2cf-101481ae1abe 3
rr_event 5cd1ac7b-bd45-4781-b2cf-101481ae1abe 3
rr_event 5cd1ac7b-bd45-4781-b2cf-101481ae1abe 3
rr_event 5cd1ac7b-bd45-4781-b2cf-101481ae1abe 3
rr_event 5cd1ac7b-bd45-4781-b2cf-101481ae1abe 3
rr_event 5cd1ac7b-bd45-4781-b2cf-101481ae1abe 3
rr_event 5cd1ac7b-bd45-4781-b2cf-101481ae1abe 3
rr_event 5cd1ac7b-bd45-4781-b2cf-101481ae1abe 3
rr_event 5cd1ac7b-bd45-4781-b2cf-101481ae1abe 3
rr_event 5cd1ac7b-bd45-4781-b2cf-101481ae1abe 3
rr_event 5cd1ac7b-bd45-4781-b2cf-101481ae1abe 3
rr_event 5cd1ac7b-bd45-4781-b2cf-101481ae1abe 3
rr_event 5cd1ac7b-bd45-4781-b2cf-101481ae1abe 3
rr_event 5cd1ac7b-bd45-4781-b2cf-101481ae1abe 3
rr_event 5cd1ac7b-bd45-4781-b2cf-101481ae1abe 3
rr_event 5cd1ac7b-bd45-4781-b2cf-101481ae1abe 3
rr_event 5cd1ac7b-bd45-4781-b2cf-101481ae1abe 3
rr_event 5cd1ac7b-bd45-4781-b2cf-101481ae1abe 3
rr_event 5cd1ac7b-bd45-4781-b2cf-101481ae1abe 3
rr_event 5cd1ac7b-bd45-4781-b2cf-101481ae1abe 3
rr_event 5cd1ac7b-bd45-4781-b2cf-101481ae1abe 3
rr_event 5cd1ac7b-bd45-4781-b2cf-101481ae1abe 3
rr_event 5cd1ac7b-bd45-4781-b2cf-101481ae1abe 3
rr_event 5cd1ac7b-bd45-4781-b2cf-101481ae1abe 3
rr_event 5cd1ac7b-bd45-4781-b2cf-101481ae1abe 3
rr_event 5cd1ac7b-bd45-4781-b2cf-101481ae1abe 3
rr_event 5cd1ac7b-bd45-4781-b2cf-101481ae1abe 3
rr_event 5cd1ac7b-bd45-4781-b2cf-101481ae1abe 3
rr_event 5cd1ac7b-bd45-4781-b2cf-101481ae1abe 3
rr_event 5cd1ac7b-bd45-4781-b2cf-101481ae1abe 3
rr_event 5cd1ac7b-bd45-4781-b2cf-101481ae1abe 3
rr_event 5cd1ac7b-bd45-4781-b2cf-101481ae1abe 3
rr_event 5cd1ac7b-bd45-4781-b2cf-101481ae1abe 3
rr_event 5cd1ac7b-bd45-4781-b2cf-101481ae1abe 3
rr_event 5cd1ac7b-bd45-4781-b2cf-101481ae1abe 3
rr_event 5cd1ac7b-bd45-4781-b2cf-101481ae1abe 3
rr_event 5cd1ac7b-bd45-4781-b2cf-101481ae1abe 3
rr_event 5cd1ac7b-bd45-4781-b2cf-101481ae1abe 3
rr_event 5cd1ac7b-bd45-4781-b2cf-101481ae1abe 3
rr_event 5cd1ac7b-bd45-4781-b2cf-101481ae1abe 3
rr_event 5cd1ac7b-bd45-4781-b2cf-101481ae1abe 3
rr_event 5cd1ac7b-bd45-4781-b2cf-101481ae1abe 3
rr_event 5cd1ac7b-bd45-4781-b2cf-101481ae1abe 3
rr_event 5cd1ac7b-bd45-4781-b2cf-101481ae1abe 3
rr_event 5cd1ac7b-bd45-4781-b2cf-101481ae1abe 3
rr_event 5cd1ac7b-bd45-4781-b2cf-101481ae1abe 3
rr_event 5cd1ac7b-bd45-4781-b2cf-101481ae1abe 3
rr_event 5cd1ac7b-bd45-4781-b2cf-101481ae1abe 3
rr_event 5cd1ac7b-bd45-4781-b2cf-101481ae1abe 3
rr_event 5cd1ac7b-bd45-4781-b2cf-101481ae1abe 3
rr_event 5cd1ac7b-bd45-4781-b2cf-101481ae1abe 3
rr_event 5cd1ac7b-bd45-4781-b2cf-101481ae1abe 3
rr_event 5cd1ac7b-bd45-4781-b2cf-101481ae1abe 3
rr_event 5cd1ac7b-bd45-4781-b2cf-101481ae1abe 3
rr_event 5cd1ac7b-bd45-4781-b2cf-101481ae1abe 3
rr_event 5cd1ac7b-bd45-4781-b2cf-101481ae1abe 3
rr_event 5cd1ac7b-bd45-4781-b2cf-101481ae1abe 3
rr_event 5cd1ac7b-bd45-4781-b2cf-101481ae1abe 3
rr_event 5cd1ac7b-bd45-4781-b2cf-101481ae1abe 3
rr_event 5cd1ac7b-bd45-4781-b2cf-101481ae1abe 3
rr_event 5cd1ac7b-bd45-4781-b2cf-101481ae1abe 3
rr_event 5cd1ac7b-bd45-4781-b2cf-101481ae1abe 3
rr_event 5cd1ac7b-bd45-4781-b2cf-101481ae1abe 3
rr_event 5cd1ac7b-bd45-4781-b2cf-101481ae1abe 3
rr_event 5cd1ac7b-bd45-4781-b2cf-101481ae1abe 3
rr_event 5cd1ac7b-bd45-4781-b2cf-101481ae1abe 3
rr_event 5cd1ac7b-bd45-4781-b2cf-101481ae1abe 3
rr_event 5cd1ac7b-bd45-4781-b2cf-101481ae1abe 3
rr_event 5cd1ac7b-bd45-4781-b2cf-101481ae1abe 3
rr_event 5cd1ac7b-bd45-4781-b2cf-101481ae1abe 3
rr_event 5cd1ac7b-bd45-4781-b2cf-101481ae1abe 3
rr_event 5cd1ac7b-bd45-4781-b2cf-101481ae1abe 3
rr_event 5cd1ac7b-bd45-4781-b2cf-101481ae1abe 3
rr_event 5cd1ac7b-bd45-4781-b2cf-101481ae1abe 3
rr_event 5cd1ac7b-bd45-4781-b2cf-101481ae1abe 3
rr_event 5cd1ac7b-bd45-4781-b2cf-101481ae1abe 3
rr_event 5cd1ac7b-bd45-4781-b2cf-101481ae1abe 3
rr_event 5cd1ac7b-bd45-4781-b2cf-101481ae1abe 3
rr_event 5cd1ac7b-bd45-4781-b2cf-101481ae1abe 3
rr_event 5cd1ac7b-bd45-4781-b2cf-101481ae1abe 3
rr_event 5cd1ac7b-bd45-4781-b2cf-101481ae1abe 3
rr_event 5cd1ac7b-bd45-4781-b2cf-101481ae1abe 3
rr_event 5cd1ac7b-bd45-4781-b2cf-101481ae1abe 3
rr_event 5cd1ac7b-bd45-4781-b2cf-101481ae1abe 3
rr_event 5cd1ac7b-bd45-4781-b2cf-101481ae1abe 3
rr_event 5cd1ac7b-bd45-4781-b2cf-101481ae1abe 3
rr_event 5cd1ac7b-bd45-4781-b2cf-101481ae1abe 3
rr_event 5cd1ac7b-bd45-4781-b2cf-101481ae1abe 3
rr_event 5cd1ac7b-bd45-4781-b2cf-101481ae1abe 3
rr_event 5cd1ac7b-bd45-4781-b2cf-101481ae1abe 3
rr_event 5cd1ac7b-bd45-4781-b2cf-101481ae1abe 3
rr_event 5cd1ac7b-bd45-4781-b2cf-101481ae1abe 3
rr_event 5cd1ac7b-bd45-4781-b2cf-101481ae1abe 3
rr_event 5cd1ac7b-bd45-4781-b2cf-101481ae1abe 3
rr_event 5cd1ac7b-bd45-4781-b2cf-101481ae1abe 3
rr_event 5cd1ac7b-bd45-4781-b2cf-101481ae1abe 3
rr_event 5cd1ac7b-bd45-4781-b2cf-101481ae1abe 3
rr_event 5cd1ac7b-bd45-4781-b2cf-101481ae1abe 3
rr_event 5cd1ac7b-bd45-4781-b2cf-101481ae1abe 3
rr_event 5cd1ac7b-bd45-4781-b2cf-101481ae1abe 3
rr_event 5cd1ac7b-bd45-4781-b2cf-101481ae1abe 3
rr_event 5cd1ac7b-bd45-4781-b2cf-101481ae1abe 3
rr_event 5cd1ac7b-bd45-4781-b2cf-101481ae1abe 3
rr_event 5cd1ac7b-bd45-4781-b2cf-101481ae1abe 3
rr_event 5cd1ac7b-bd45-4781-b2cf-101481ae1abe 3
rr_event 5cd1ac7b-bd45-4781-b2cf-101481ae1abe 3
rr_event 5cd1ac7b-bd45-4781-b2cf-101481ae1abe 3
rr_event 5cd1ac7b-bd45-4781-b2cf-101481ae1abe 3
rr_event 5cd1ac7b-bd45-4781-b2cf-101481ae1abe 3
rr_event 5cd1ac7b-bd45-4781-b2cf-101481ae1abe 3
rr_event 5cd1ac7b-bd45-4781-b2cf-101481ae1abe 3
rr_event 5cd1ac7b-bd45-4781-b2cf-101481ae1abe 3
rr_event 5cd1ac7b-bd45-4781-b2cf-101481ae1abe 3
rr_event 5cd1ac7b-bd45-4781-b2cf-101481ae1abe 3
rr_event 5cd1ac7b-bd45-4781-b2cf-101481ae1abe 3
rr_event 5cd1ac7b-bd45-4781-b2cf-101481ae1abe 3
rr_event 5cd1ac7b-bd45-4781-b2cf-101481ae1abe 3
rr_event 5cd1ac7b-bd45-4781-b2cf-101481ae1abe 3
rr_event 5cd1ac7b-bd45-4781-b2cf-101481ae1abe 3
rr_event 5cd1ac7b-bd45-4781-b2cf-101481ae1abe 3
rr_event 5cd1ac7b-bd45-4781-b2cf-101481ae1abe 3
rr_event 5cd1ac7b-bd45-4781-b2cf-101481ae1abe 3
rr_event 5cd1ac7b-bd45-4781-b2cf-101481ae1abe 3
rr_event 5cd1ac7b-bd45-4781-b2cf-101481ae1abe 3
rr_event 5cd1ac7b-bd45-4781-b2cf-101481ae1abe 3
rr_event 5cd1ac7b-bd45-4781-b2cf-101481ae1abe 3
rr_event 5cd1ac7b-bd45-4781-b2cf-101481ae1abe 3
rr_event 5cd1ac7b-bd45-4781-b2cf-101481ae1abe 3
rr_event 5cd1ac7b-bd45-4781-b2cf-101481ae1abe 3
rr_event 5cd1ac7b-bd45-4781-b2cf-101481ae1abe 3
rr_event 5cd1ac7b-bd45-4781-b2cf-101481ae1abe 3
rr_event 5cd1ac7b-bd45-4781-b2cf-101481ae1abe 3
rr_event 5cd1ac7b-bd45-4781-b2cf-101481ae1abe 3
rr_event 5cd1ac7b-bd45-4781-b2cf-101481ae1abe 3
rr_event 5cd1ac7b-bd45-4781-b2cf-101481ae1abe 3
rr_event 5cd1ac7b-bd45-4781-b2cf-101481ae1abe 3
rr_event 5cd1ac7b-bd45-4781-b2cf-101481ae1abe 3
rr_event 5cd1ac7b-bd45-4781-b2cf-101481ae1abe 3
rr_event 5cd1ac7b-bd45-4781-b2cf-101481ae1abe 3
rr_event 5cd1ac7b-bd45-4781-b2cf-101481ae1abe 3
rr_event 5cd1ac7b-bd45-4781-b2cf-101481ae1abe 3
rr_event 5cd1ac7b-bd45-4781-b2cf-101481ae1abe 3
rr_event 5cd1ac7b-bd45-4781-b2cf-101481ae1abe 3
rr_event 5cd1ac7b-bd45-4781-b2cf-101481ae1abe 3
rr_event 5cd1ac7b-bd45-4781-b2cf-101481ae1abe 3
rr_event 5cd1ac7b-bd45-4781-b2cf-101481ae1abe 3
rr_event 5cd1ac7b-bd45-4781-b2cf-101481ae1abe 3
rr_event 5cd1ac7b-bd45-4781-b2cf-101481ae1abe 3
rr_event 5cd1ac7b-bd45-4781-b2cf-101481ae1abe 3
rr_event 5cd1ac7b-bd45-4781-b2cf-101481ae1abe 3
rr_event 5cd1ac7b-bd45-4781-b2cf-101481ae1abe 3
rr_event 5cd1ac7b-bd45-4781-b2cf-101481ae1abe 3
rr_event 5cd1ac7b-bd45-4781-b2cf-101481ae1abe 3
rr_event 5cd1ac7b-bd45-4781-b2cf-101481ae1abe 3
rr_event 5cd1ac7b-bd45-4781-b2cf-101481ae1abe 3
rr_event 5cd1ac7b-bd45-4781-b2cf-101481ae1abe 3
rr_event 5cd1ac7b-bd45-4781-b2cf-101481ae1abe 3
rr_event 5cd1ac7b-bd45-4781-b2cf-101481ae1abe 3
rr_event 5cd1ac7b-bd45-4781-b2cf-101481ae1abe 3
rr_event 5cd1ac7b-bd45-4781-b2cf-101481ae1abe 3
rr_event 5cd1ac7b-bd45-4781-b2cf-101481ae1abe 3
rr_event 5cd1ac7b-bd45-4781-b2cf-101481ae1abe 3
rr_event 5cd1ac7b-bd45-4781-b2cf-101481ae1abe 3
rr_event 5cd1ac7b-bd45-4781-b2cf-101481ae1abe 3
rr_event 5cd1ac7b-bd45-4781-b2cf-101481ae1abe 3
rr_event 5cd1ac7b-bd45-4781-b2cf-101481ae1abe 3
rr_event 5cd1ac7b-bd45-4781-b2cf-101481ae1abe 3
rr_event 5cd1ac7b-bd45-4781-b2cf-101481ae1abe 3
rr_event 5cd1ac7b-bd45-4781-b2cf-101481ae1abe 3
rr_event 5cd1ac7b-bd45-4781-b2cf-101481ae1abe 3
rr_event 5cd1ac7b-bd45-4781-b2cf-101481ae1abe 3
rr_event 5cd1ac7b-bd45-4781-b2cf-101481ae1abe 3
rr_event 5cd1ac7b-bd45-4781-b2cf-101481ae1abe 3
rr_event 5cd1ac7b-bd45-4781-b2cf-101481ae1abe 3
rr_event 5cd1ac7b-bd45-4781-b2cf-101481ae1abe 3
rr_event 5cd1ac7b-bd45-4781-b2cf-101481ae1abe 3
rr_event 5cd1ac7b-bd45-4781-b2cf-101481ae1abe 3
rr_event 5cd1ac7b-bd45-4781-b2cf-101481ae1abe 3
rr_event 5cd1ac7b-bd45-4781-b2cf-101481ae1abe 3
rr_event 5cd1ac7b-bd45-4781-b2cf-101481ae1abe 3
rr_event 5cd1ac7b-bd45-4781-b2cf-101481ae1abe 3
rr_event 5cd1ac7b-bd45-4781-b2cf-101481ae1abe 3
rr_event 5cd1ac7b-bd45-4781-b2cf-101481ae1abe 3
rr_event 5cd1ac7b-bd45-4781-b2cf-101481ae1abe 3
rr_event 5cd1ac7b-bd45-4781-b2cf-101481ae1abe 3
rr_event 5cd1ac7b-bd45-4781-b2cf-101481ae1abe 3
rr_event 5cd1ac7b-bd45-4781-b2cf-101481ae1abe 3
rr_event 5cd1ac7b-bd45-4781-b2cf-101481ae1abe 3
rr_event 5cd1ac7b-bd45-4781-b2cf-101481ae1abe 3
rr_event 5cd1ac7b-bd45-4781-b2cf-101481ae1abe 3
rr_event 5cd1ac7b-bd45-4781-b2cf-101481ae1abe 3
rr_event 5cd1ac7b-bd45-4781-b2cf-101481ae1abe 3
rr_event 5cd1ac7b-bd45-4781-b2cf-101481ae1abe 3
rr_event 5cd1ac7b-bd45-4781-b2cf-101481ae1abe 3
rr_event 5cd1ac7b-bd45-4781-b2cf-101481ae1abe 3
rr_event 5cd1ac7b-bd45-4781-b2cf-101481ae1abe 3
rr_event 5cd1ac7b-bd45-4781-b2cf-101481ae1abe 3
rr_event 5cd1ac7b-bd45-4781-b2cf-101481ae1abe 3
rr_event 5cd1ac7b-bd45-4781-b2cf-101481ae1abe 3
rr_event 5cd1ac7b-bd45-4781-b2cf-101481ae1abe 3
rr_event 5cd1ac7b-bd45-4781-b2cf-101481ae1abe 3
rr_event 5cd1ac7b-bd45-4781-b2cf-101481ae1abe 3
rr_event 5cd1ac7b-bd45-4781-b2cf-101481ae1abe 3
rr_event 5cd1ac7b-bd45-4781-b2cf-101481ae1abe 3
rr_event 5cd1ac7b-bd45-4781-b2cf-101481ae1abe 3
rr_event 5cd1ac7b-bd45-4781-b2cf-101481ae1abe 3
rr_event 5cd1ac7b-bd45-4781-b2cf-101481ae1abe 3
rr_event 5cd1ac7b-bd45-4781-b2cf-101481ae1abe 3
rr_event 5cd1ac7b-bd45-4781-b2cf-101481ae1abe 3
rr_event 5cd1ac7b-bd45-4781-b2cf-101481ae1abe 3
rr_event 5cd1ac7b-bd45-4781-b2cf-101481ae1abe 3
rr_event 5cd1ac7b-bd45-4781-b2cf-101481ae1abe 3
rr_event 5cd1ac7b-bd45-4781-b2cf-101481ae1abe 3
rr_event 5cd1ac7b-bd45-4781-b2cf-101481ae1abe 3
rr_event 5cd1ac7b-bd45-4781-b2cf-101481ae1abe 3
rr_event 5cd1ac7b-bd45-4781-b2cf-101481ae1abe 3
rr_event 5cd1ac7b-bd45-4781-b2cf-101481ae1abe 3
rr_event 5cd1ac7b-bd45-4781-b2cf-101481ae1abe 3
rr_event 5cd1ac7b-bd45-4781-b2cf-101481ae1abe 3
rr_event 5cd1ac7b-bd45-4781-b2cf-101481ae1abe 3
rr_event 5cd1ac7b-bd45-4781-b2cf-101481ae1abe 3
rr_event 5cd1ac7b-bd45-4781-b2cf-101481ae1abe 3
rr_event 5cd1ac7b-bd45-4781-b2cf-101481ae1abe 3
rr_event 5cd1ac7b-bd45-4781-b2cf-101481ae1abe 3
rr_event 5cd1ac7b-bd45-4781-b2cf-101481ae1abe 3
rr_event 5cd1ac7b-bd45-4781-b2cf-101481ae1abe 3
rr_event 5cd1ac7b-bd45-4781-b2cf-101481ae1abe 3
rr_event 5cd1ac7b-bd45-4781-b2cf-101481ae1abe 3
rr_event 5cd1ac7b-bd45-4781-b2cf-101481ae1abe 3
rr_event 5cd1ac7b-bd45-4781-b2cf-101481ae1abe 3
rr_event 5cd1ac7b-bd45-4781-b2cf-101481ae1abe 3
rr_event 5cd1ac7b-bd45-4781-b2cf-101481ae1abe 3
rr_event 5cd1ac7b-bd45-4781-b2cf-101481ae1abe 3
rr_event 5cd1ac7b-bd45-4781-b2cf-101481ae1abe 3
rr_event 5cd1ac7b-bd45-4781-b2cf-101481ae1abe 3
rr_event 5cd1ac7b-bd45-4781-b2cf-101481ae1abe 3
rr_event 5cd1ac7b-bd45-4781-b2cf-101481ae1abe 3
rr_event 5cd1ac7b-bd45-4781-b2cf-101481ae1abe 3
rr_event 5cd1ac7b-bd45-4781-b2cf-101481ae1abe 3
rr_event 5cd1ac7b-bd45-4781-b2cf-101481ae1abe 3
rr_event 5cd1ac7b-bd45-4781-b2cf-101481ae1abe 3
rr_event 5cd1ac7b-bd45-4781-b2cf-101481ae1abe 3
rr_event 5cd1ac7b-bd45-4781-b2cf-101481ae1abe 3
rr_event 5cd1ac7b-bd45-4781-b2cf-101481ae1abe 3
rr_event 5cd1ac7b-bd45-4781-b2cf-101481ae1abe 3
rr_event 5cd1ac7b-bd45-4781-b2cf-101481ae1abe 3
rr_event 5cd1ac7b-bd45-4781-b2cf-101481ae1abe 3
rr_event 5cd1ac7b-bd45-4781-b2cf-101481ae1abe 3
rr_event 5cd1ac7b-bd45-4781-b2cf-101481ae1abe 3
rr_event 5cd1ac7b-bd45-4781-b2cf-101481ae1abe 3
rr_event 5cd1ac7b-bd45-4781-b2cf-101481ae1abe 3
rr_event 5cd1ac7b-bd45-4781-b2cf-101481ae1abe 3
rr_event 5cd1ac7b-bd45-4781-b2cf-101481ae1abe 3
rr_event 5cd1ac7b-bd45-4781-b2cf-101481ae1abe 3
rr_event 5cd1ac7b-bd45-4781-b2cf-101481ae1abe 3
rr_event 5cd1ac7b-bd45-4781-b2cf-101481ae1abe 3
rr_event 5cd1ac7b-bd45-4781-b2cf-101481ae1abe 3
rr_event 5cd1ac7b-bd45-4781-b2cf-101481ae1abe 3
rr_event 5cd1ac7b-bd45-4781-b2cf-101481ae1abe 3
rr_event 5cd1ac7b-bd45-4781-b2cf-101481ae1abe 3
rr_event 5cd1ac7b-bd45-4781-b2cf-101481ae1abe 3
rr_event 5cd1ac7b-bd45-4781-b2cf-101481ae1abe 3
rr_event 5cd1ac7b-bd45-4781-b2cf-101481ae1abe 3
rr_event 5cd1ac7b-bd45-4781-b2cf-101481ae1abe 3
rr_event 5cd1ac7b-bd45-4781-b2cf-101481ae1abe 3
rr_event 5cd1ac7b-bd45-4781-b2cf-101481ae1abe 3
rr_event 5cd1ac7b-bd45-4781-b2cf-101481ae1abe 3
rr_event 5cd1ac7b-bd45-4781-b2cf-101481ae1abe 3
rr_event 5cd1ac7b-bd45-4781-b2cf-101481ae1abe 3
rr_event 5cd1ac7b-bd45-4781-b2cf-101481ae1abe 3
rr_event 5cd1ac7b-bd45-4781-b2cf-101481ae1abe 3
rr_event 5cd1ac7b-bd45-4781-b2cf-101481ae1abe 3
rr_event 5cd1ac7b-bd45-4781-b2cf-101481ae1abe 3
rr_event 5cd1ac7b-bd45-4781-b2cf-101481ae1abe 3
rr_event 5cd1ac7b-bd45-4781-b2cf-101481ae1abe 3
rr_event 5cd1ac7b-bd45-4781-b2cf-101481ae1abe 3
rr_event 5cd1ac7b-bd45-4781-b2cf-101481ae1abe 3
rr_event 5cd1ac7b-bd45-4781-b2cf-101481ae1abe 3
rr_event 5cd1ac7b-bd45-4781-b2cf-101481ae1abe 3
rr_event 5cd1ac7b-bd45-4781-b2cf-101481ae1abe 3
rr_event 5cd1ac7b-bd45-4781-b2cf-101481ae1abe 3
rr_event 5cd1ac7b-bd45-4781-b2cf-101481ae1abe 3
rr_event 5cd1ac7b-bd45-4781-b2cf-101481ae1abe 3
rr_event 5cd1ac7b-bd45-4781-b2cf-101481ae1abe 3
rr_event 5cd1ac7b-bd45-4781-b2cf-101481ae1abe 3
rr_event 5cd1ac7b-bd45-4781-b2cf-101481ae1abe 3
rr_event 5cd1ac7b-bd45-4781-b2cf-101481ae1abe 3
rr_event 5cd1ac7b-bd45-4781-b2cf-101481ae1abe 3
rr_event 5cd1ac7b-bd45-4781-b2cf-101481ae1abe 3
rr_event 5cd1ac7b-bd45-4781-b2cf-101481ae1abe 3
rr_event 5cd1ac7b-bd45-4781-b2cf-101481ae1abe 3
rr_event 5cd1ac7b-bd45-4781-b2cf-101481ae1abe 3
rr_event 5cd1ac7b-bd45-4781-b2cf-101481ae1abe 3
rr_event 5cd1ac7b-bd45-4781-b2cf-101481ae1abe 3
rr_event 5cd1ac7b-bd45-4781-b2cf-101481ae1abe 3
rr_event 5cd1ac7b-bd45-4781-b2cf-101481ae1abe 3
rr_event 5cd1ac7b-bd45-4781-b2cf-101481ae1abe 3
rr_event 5cd1ac7b-bd45-4781-b2cf-101481ae1abe 3
socket connected: gmoUky1I5x7rfiMgAAAN
rr_event 8bf8dd50-009c-41b2-aa1c-0b0e9349f4ba 4
socket disconnected gmoUky1I5x7rfiMgAAAN transport error
socket connected: YWkEjnRanmncAxlrAAAP
rr_event 8bf8dd50-009c-41b2-aa1c-0b0e9349f4ba 3
rr_event 8bf8dd50-009c-41b2-aa1c-0b0e9349f4ba 3
rr_event 8bf8dd50-009c-41b2-aa1c-0b0e9349f4ba 3
rr_event 8bf8dd50-009c-41b2-aa1c-0b0e9349f4ba 3
rr_event 8bf8dd50-009c-41b2-aa1c-0b0e9349f4ba 3
rr_event 8bf8dd50-009c-41b2-aa1c-0b0e9349f4ba 3
rr_event 8bf8dd50-009c-41b2-aa1c-0b0e9349f4ba 3
rr_event 8bf8dd50-009c-41b2-aa1c-0b0e9349f4ba 3
rr_event 8bf8dd50-009c-41b2-aa1c-0b0e9349f4ba 3
rr_event 8bf8dd50-009c-41b2-aa1c-0b0e9349f4ba 3
rr_event 8bf8dd50-009c-41b2-aa1c-0b0e9349f4ba 3
rr_event 8bf8dd50-009c-41b2-aa1c-0b0e9349f4ba 3
rr_event 8bf8dd50-009c-41b2-aa1c-0b0e9349f4ba 3
rr_event 8bf8dd50-009c-41b2-aa1c-0b0e9349f4ba 3
rr_event 8bf8dd50-009c-41b2-aa1c-0b0e9349f4ba 3
auth attempt {
  session_name: '8bf8dd50-009c-41b2-aa1c-0b0e9349f4ba',
  token: '1293aa111e734f65a38227249d994a92',
  role: 'target'
}
socket auth validated ok for 8bf8dd50-009c-41b2-aa1c-0b0e9349f4ba
rr_event 8bf8dd50-009c-41b2-aa1c-0b0e9349f4ba 3
rr_event 8bf8dd50-009c-41b2-aa1c-0b0e9349f4ba 3
rr_event 8bf8dd50-009c-41b2-aa1c-0b0e9349f4ba 3
rr_event 8bf8dd50-009c-41b2-aa1c-0b0e9349f4ba 3
rr_event 8bf8dd50-009c-41b2-aa1c-0b0e9349f4ba 3
rr_event 8bf8dd50-009c-41b2-aa1c-0b0e9349f4ba 3
rr_event 8bf8dd50-009c-41b2-aa1c-0b0e9349f4ba 3
rr_event 8bf8dd50-009c-41b2-aa1c-0b0e9349f4ba 3
rr_event 8bf8dd50-009c-41b2-aa1c-0b0e9349f4ba 3
rr_event 8bf8dd50-009c-41b2-aa1c-0b0e9349f4ba 3
rr_event 8bf8dd50-009c-41b2-aa1c-0b0e9349f4ba 3
rr_event 8bf8dd50-009c-41b2-aa1c-0b0e9349f4ba 3
rr_event 8bf8dd50-009c-41b2-aa1c-0b0e9349f4ba 3
rr_event 8bf8dd50-009c-41b2-aa1c-0b0e9349f4ba 3
rr_event 8bf8dd50-009c-41b2-aa1c-0b0e9349f4ba 3
rr_event 8bf8dd50-009c-41b2-aa1c-0b0e9349f4ba 3
rr_event 8bf8dd50-009c-41b2-aa1c-0b0e9349f4ba 3
rr_event 8bf8dd50-009c-41b2-aa1c-0b0e9349f4ba 3
rr_event 8bf8dd50-009c-41b2-aa1c-0b0e9349f4ba 3
rr_event 8bf8dd50-009c-41b2-aa1c-0b0e9349f4ba 3
rr_event 8bf8dd50-009c-41b2-aa1c-0b0e9349f4ba 3
rr_event 8bf8dd50-009c-41b2-aa1c-0b0e9349f4ba 3
rr_event 8bf8dd50-009c-41b2-aa1c-0b0e9349f4ba 3
rr_event 8bf8dd50-009c-41b2-aa1c-0b0e9349f4ba 3
rr_event 8bf8dd50-009c-41b2-aa1c-0b0e9349f4ba 3
rr_event 8bf8dd50-009c-41b2-aa1c-0b0e9349f4ba 3
rr_event 8bf8dd50-009c-41b2-aa1c-0b0e9349f4ba 3
rr_event 8bf8dd50-009c-41b2-aa1c-0b0e9349f4ba 3
rr_event 8bf8dd50-009c-41b2-aa1c-0b0e9349f4ba 3
rr_event 8bf8dd50-009c-41b2-aa1c-0b0e9349f4ba 3
rr_event 8bf8dd50-009c-41b2-aa1c-0b0e9349f4ba 3
rr_event 8bf8dd50-009c-41b2-aa1c-0b0e9349f4ba 3
rr_event 8bf8dd50-009c-41b2-aa1c-0b0e9349f4ba 3
rr_event 8bf8dd50-009c-41b2-aa1c-0b0e9349f4ba 3
rr_event 8bf8dd50-009c-41b2-aa1c-0b0e9349f4ba 3
rr_event 8bf8dd50-009c-41b2-aa1c-0b0e9349f4ba 3
rr_event 8bf8dd50-009c-41b2-aa1c-0b0e9349f4ba 3
rr_event 8bf8dd50-009c-41b2-aa1c-0b0e9349f4ba 3
rr_event 8bf8dd50-009c-41b2-aa1c-0b0e9349f4ba 3
rr_event 8bf8dd50-009c-41b2-aa1c-0b0e9349f4ba 3
rr_event 8bf8dd50-009c-41b2-aa1c-0b0e9349f4ba 3
rr_event 8bf8dd50-009c-41b2-aa1c-0b0e9349f4ba 3
rr_event 8bf8dd50-009c-41b2-aa1c-0b0e9349f4ba 3
rr_event 8bf8dd50-009c-41b2-aa1c-0b0e9349f4ba 3
rr_event 8bf8dd50-009c-41b2-aa1c-0b0e9349f4ba 3
rr_event 8bf8dd50-009c-41b2-aa1c-0b0e9349f4ba 3
rr_event 8bf8dd50-009c-41b2-aa1c-0b0e9349f4ba 3
rr_event 8bf8dd50-009c-41b2-aa1c-0b0e9349f4ba 3
rr_event 8bf8dd50-009c-41b2-aa1c-0b0e9349f4ba 3
rr_event 8bf8dd50-009c-41b2-aa1c-0b0e9349f4ba 3
rr_event 8bf8dd50-009c-41b2-aa1c-0b0e9349f4ba 3
rr_event 8bf8dd50-009c-41b2-aa1c-0b0e9349f4ba 3
rr_event 8bf8dd50-009c-41b2-aa1c-0b0e9349f4ba 3
rr_event 8bf8dd50-009c-41b2-aa1c-0b0e9349f4ba 3
rr_event 8bf8dd50-009c-41b2-aa1c-0b0e9349f4ba 3
rr_event 8bf8dd50-009c-41b2-aa1c-0b0e9349f4ba 3
rr_event 8bf8dd50-009c-41b2-aa1c-0b0e9349f4ba 3
rr_event 8bf8dd50-009c-41b2-aa1c-0b0e9349f4ba 3
rr_event 8bf8dd50-009c-41b2-aa1c-0b0e9349f4ba 3
rr_event 8bf8dd50-009c-41b2-aa1c-0b0e9349f4ba 3
rr_event 8bf8dd50-009c-41b2-aa1c-0b0e9349f4ba 3
rr_event 8bf8dd50-009c-41b2-aa1c-0b0e9349f4ba 3
rr_event 8bf8dd50-009c-41b2-aa1c-0b0e9349f4ba 3
rr_event 8bf8dd50-009c-41b2-aa1c-0b0e9349f4ba 3
rr_event 8bf8dd50-009c-41b2-aa1c-0b0e9349f4ba 3
rr_event 8bf8dd50-009c-41b2-aa1c-0b0e9349f4ba 3
rr_event 8bf8dd50-009c-41b2-aa1c-0b0e9349f4ba 3
rr_event 8bf8dd50-009c-41b2-aa1c-0b0e9349f4ba 3
rr_event 8bf8dd50-009c-41b2-aa1c-0b0e9349f4ba 3
rr_event 8bf8dd50-009c-41b2-aa1c-0b0e9349f4ba 3
rr_event 8bf8dd50-009c-41b2-aa1c-0b0e9349f4ba 3
rr_event 8bf8dd50-009c-41b2-aa1c-0b0e9349f4ba 3
rr_event 8bf8dd50-009c-41b2-aa1c-0b0e9349f4ba 3
rr_event 8bf8dd50-009c-41b2-aa1c-0b0e9349f4ba 3
rr_event 8bf8dd50-009c-41b2-aa1c-0b0e9349f4ba 3
rr_event 8bf8dd50-009c-41b2-aa1c-0b0e9349f4ba 3
rr_event 8bf8dd50-009c-41b2-aa1c-0b0e9349f4ba 3
rr_event 8bf8dd50-009c-41b2-aa1c-0b0e9349f4ba 3
rr_event 8bf8dd50-009c-41b2-aa1c-0b0e9349f4ba 3
rr_event 8bf8dd50-009c-41b2-aa1c-0b0e9349f4ba 3
rr_event 8bf8dd50-009c-41b2-aa1c-0b0e9349f4ba 3
rr_event 8bf8dd50-009c-41b2-aa1c-0b0e9349f4ba 3
rr_event 8bf8dd50-009c-41b2-aa1c-0b0e9349f4ba 3
rr_event 8bf8dd50-009c-41b2-aa1c-0b0e9349f4ba 3
rr_event 8bf8dd50-009c-41b2-aa1c-0b0e9349f4ba 3
rr_event 8bf8dd50-009c-41b2-aa1c-0b0e9349f4ba 3
rr_event 8bf8dd50-009c-41b2-aa1c-0b0e9349f4ba 3
rr_event 8bf8dd50-009c-41b2-aa1c-0b0e9349f4ba 3
rr_event 8bf8dd50-009c-41b2-aa1c-0b0e9349f4ba 3
rr_event 8bf8dd50-009c-41b2-aa1c-0b0e9349f4ba 3
rr_event 8bf8dd50-009c-41b2-aa1c-0b0e9349f4ba 3
rr_event 8bf8dd50-009c-41b2-aa1c-0b0e9349f4ba 3
rr_event 8bf8dd50-009c-41b2-aa1c-0b0e9349f4ba 3
rr_event 8bf8dd50-009c-41b2-aa1c-0b0e9349f4ba 3
rr_event 8bf8dd50-009c-41b2-aa1c-0b0e9349f4ba 3
rr_event 8bf8dd50-009c-41b2-aa1c-0b0e9349f4ba 3
rr_event 8bf8dd50-009c-41b2-aa1c-0b0e9349f4ba 3
rr_event 8bf8dd50-009c-41b2-aa1c-0b0e9349f4ba 3
rr_event 8bf8dd50-009c-41b2-aa1c-0b0e9349f4ba 3
rr_event 8bf8dd50-009c-41b2-aa1c-0b0e9349f4ba 3
rr_event 8bf8dd50-009c-41b2-aa1c-0b0e9349f4ba 3
rr_event 8bf8dd50-009c-41b2-aa1c-0b0e9349f4ba 3
rr_event 8bf8dd50-009c-41b2-aa1c-0b0e9349f4ba 3
rr_event 8bf8dd50-009c-41b2-aa1c-0b0e9349f4ba 3
rr_event 8bf8dd50-009c-41b2-aa1c-0b0e9349f4ba 3
rr_event 8bf8dd50-009c-41b2-aa1c-0b0e9349f4ba 3
rr_event 8bf8dd50-009c-41b2-aa1c-0b0e9349f4ba 3
rr_event 8bf8dd50-009c-41b2-aa1c-0b0e9349f4ba 3
rr_event 8bf8dd50-009c-41b2-aa1c-0b0e9349f4ba 3
rr_event 8bf8dd50-009c-41b2-aa1c-0b0e9349f4ba 3
rr_event 8bf8dd50-009c-41b2-aa1c-0b0e9349f4ba 3
rr_event 8bf8dd50-009c-41b2-aa1c-0b0e9349f4ba 3
rr_event 8bf8dd50-009c-41b2-aa1c-0b0e9349f4ba 3
rr_event 8bf8dd50-009c-41b2-aa1c-0b0e9349f4ba 3
rr_event 8bf8dd50-009c-41b2-aa1c-0b0e9349f4ba 3
rr_event 8bf8dd50-009c-41b2-aa1c-0b0e9349f4ba 3
rr_event 8bf8dd50-009c-41b2-aa1c-0b0e9349f4ba 3
rr_event 8bf8dd50-009c-41b2-aa1c-0b0e9349f4ba 3
rr_event 8bf8dd50-009c-41b2-aa1c-0b0e9349f4ba 3
rr_event 8bf8dd50-009c-41b2-aa1c-0b0e9349f4ba 3
rr_event 8bf8dd50-009c-41b2-aa1c-0b0e9349f4ba 3
rr_event 8bf8dd50-009c-41b2-aa1c-0b0e9349f4ba 3
rr_event 8bf8dd50-009c-41b2-aa1c-0b0e9349f4ba 3
rr_event 8bf8dd50-009c-41b2-aa1c-0b0e9349f4ba 3
rr_event 8bf8dd50-009c-41b2-aa1c-0b0e9349f4ba 3
rr_event 8bf8dd50-009c-41b2-aa1c-0b0e9349f4ba 3
rr_event 8bf8dd50-009c-41b2-aa1c-0b0e9349f4ba 3
rr_event 8bf8dd50-009c-41b2-aa1c-0b0e9349f4ba 3
rr_event 8bf8dd50-009c-41b2-aa1c-0b0e9349f4ba 3
rr_event 8bf8dd50-009c-41b2-aa1c-0b0e9349f4ba 3
rr_event 8bf8dd50-009c-41b2-aa1c-0b0e9349f4ba 3
rr_event 8bf8dd50-009c-41b2-aa1c-0b0e9349f4ba 3
rr_event 8bf8dd50-009c-41b2-aa1c-0b0e9349f4ba 3
rr_event 8bf8dd50-009c-41b2-aa1c-0b0e9349f4ba 3
rr_event 8bf8dd50-009c-41b2-aa1c-0b0e9349f4ba 3
rr_event 8bf8dd50-009c-41b2-aa1c-0b0e9349f4ba 3
rr_event 8bf8dd50-009c-41b2-aa1c-0b0e9349f4ba 3
rr_event 8bf8dd50-009c-41b2-aa1c-0b0e9349f4ba 3
rr_event 8bf8dd50-009c-41b2-aa1c-0b0e9349f4ba 3
rr_event 8bf8dd50-009c-41b2-aa1c-0b0e9349f4ba 3
rr_event 8bf8dd50-009c-41b2-aa1c-0b0e9349f4ba 3
rr_event 8bf8dd50-009c-41b2-aa1c-0b0e9349f4ba 3
rr_event 8bf8dd50-009c-41b2-aa1c-0b0e9349f4ba 3
rr_event 8bf8dd50-009c-41b2-aa1c-0b0e9349f4ba 3
rr_event 8bf8dd50-009c-41b2-aa1c-0b0e9349f4ba 3
rr_event 8bf8dd50-009c-41b2-aa1c-0b0e9349f4ba 3
rr_event 8bf8dd50-009c-41b2-aa1c-0b0e9349f4ba 3
rr_event 8bf8dd50-009c-41b2-aa1c-0b0e9349f4ba 3
rr_event 8bf8dd50-009c-41b2-aa1c-0b0e9349f4ba 3
rr_event 8bf8dd50-009c-41b2-aa1c-0b0e9349f4ba 3
rr_event 8bf8dd50-009c-41b2-aa1c-0b0e9349f4ba 3
rr_event 8bf8dd50-009c-41b2-aa1c-0b0e9349f4ba 3
rr_event 8bf8dd50-009c-41b2-aa1c-0b0e9349f4ba 3
rr_event 8bf8dd50-009c-41b2-aa1c-0b0e9349f4ba 3
rr_event 8bf8dd50-009c-41b2-aa1c-0b0e9349f4ba 3
rr_event 8bf8dd50-009c-41b2-aa1c-0b0e9349f4ba 3
rr_event 8bf8dd50-009c-41b2-aa1c-0b0e9349f4ba 3
rr_event 8bf8dd50-009c-41b2-aa1c-0b0e9349f4ba 3
rr_event 8bf8dd50-009c-41b2-aa1c-0b0e9349f4ba 3
rr_event 8bf8dd50-009c-41b2-aa1c-0b0e9349f4ba 3
rr_event 8bf8dd50-009c-41b2-aa1c-0b0e9349f4ba 3
rr_event 8bf8dd50-009c-41b2-aa1c-0b0e9349f4ba 3
rr_event 8bf8dd50-009c-41b2-aa1c-0b0e9349f4ba 3
rr_event 8bf8dd50-009c-41b2-aa1c-0b0e9349f4ba 3
rr_event 8bf8dd50-009c-41b2-aa1c-0b0e9349f4ba 3
rr_event 8bf8dd50-009c-41b2-aa1c-0b0e9349f4ba 3
rr_event 8bf8dd50-009c-41b2-aa1c-0b0e9349f4ba 3
rr_event 8bf8dd50-009c-41b2-aa1c-0b0e9349f4ba 3
rr_event 8bf8dd50-009c-41b2-aa1c-0b0e9349f4ba 3
rr_event 8bf8dd50-009c-41b2-aa1c-0b0e9349f4ba 3
rr_event 8bf8dd50-009c-41b2-aa1c-0b0e9349f4ba 3
rr_event 8bf8dd50-009c-41b2-aa1c-0b0e9349f4ba 3
rr_event 8bf8dd50-009c-41b2-aa1c-0b0e9349f4ba 3
rr_event 8bf8dd50-009c-41b2-aa1c-0b0e9349f4ba 3
rr_event 8bf8dd50-009c-41b2-aa1c-0b0e9349f4ba 3
rr_event 8bf8dd50-009c-41b2-aa1c-0b0e9349f4ba 3
rr_event 8bf8dd50-009c-41b2-aa1c-0b0e9349f4ba 3
rr_event 8bf8dd50-009c-41b2-aa1c-0b0e9349f4ba 3
rr_event 8bf8dd50-009c-41b2-aa1c-0b0e9349f4ba 3
rr_event 8bf8dd50-009c-41b2-aa1c-0b0e9349f4ba 3
rr_event 8bf8dd50-009c-41b2-aa1c-0b0e9349f4ba 3
rr_event 8bf8dd50-009c-41b2-aa1c-0b0e9349f4ba 3
rr_event 8bf8dd50-009c-41b2-aa1c-0b0e9349f4ba 3
rr_event 8bf8dd50-009c-41b2-aa1c-0b0e9349f4ba 3
rr_event 8bf8dd50-009c-41b2-aa1c-0b0e9349f4ba 3
rr_event 8bf8dd50-009c-41b2-aa1c-0b0e9349f4ba 3
rr_event 8bf8dd50-009c-41b2-aa1c-0b0e9349f4ba 3
rr_event 8bf8dd50-009c-41b2-aa1c-0b0e9349f4ba 3
rr_event 8bf8dd50-009c-41b2-aa1c-0b0e9349f4ba 3
rr_event 8bf8dd50-009c-41b2-aa1c-0b0e9349f4ba 3
rr_event 8bf8dd50-009c-41b2-aa1c-0b0e9349f4ba 3
rr_event 8bf8dd50-009c-41b2-aa1c-0b0e9349f4ba 3
rr_event 8bf8dd50-009c-41b2-aa1c-0b0e9349f4ba 3
rr_event 8bf8dd50-009c-41b2-aa1c-0b0e9349f4ba 3
rr_event 8bf8dd50-009c-41b2-aa1c-0b0e9349f4ba 3
rr_event 8bf8dd50-009c-41b2-aa1c-0b0e9349f4ba 3
rr_event 8bf8dd50-009c-41b2-aa1c-0b0e9349f4ba 3
rr_event 8bf8dd50-009c-41b2-aa1c-0b0e9349f4ba 3
rr_event 8bf8dd50-009c-41b2-aa1c-0b0e9349f4ba 3
rr_event 8bf8dd50-009c-41b2-aa1c-0b0e9349f4ba 3
rr_event 8bf8dd50-009c-41b2-aa1c-0b0e9349f4ba 3
rr_event 8bf8dd50-009c-41b2-aa1c-0b0e9349f4ba 3
rr_event 8bf8dd50-009c-41b2-aa1c-0b0e9349f4ba 3
rr_event 8bf8dd50-009c-41b2-aa1c-0b0e9349f4ba 3
rr_event 8bf8dd50-009c-41b2-aa1c-0b0e9349f4ba 3
rr_event 8bf8dd50-009c-41b2-aa1c-0b0e9349f4ba 3
rr_event 8bf8dd50-009c-41b2-aa1c-0b0e9349f4ba 3
rr_event 8bf8dd50-009c-41b2-aa1c-0b0e9349f4ba 3
rr_event 8bf8dd50-009c-41b2-aa1c-0b0e9349f4ba 3
rr_event 8bf8dd50-009c-41b2-aa1c-0b0e9349f4ba 3
rr_event 8bf8dd50-009c-41b2-aa1c-0b0e9349f4ba 3
rr_event 8bf8dd50-009c-41b2-aa1c-0b0e9349f4ba 3
rr_event 8bf8dd50-009c-41b2-aa1c-0b0e9349f4ba 3
rr_event 8bf8dd50-009c-41b2-aa1c-0b0e9349f4ba 3
rr_event 8bf8dd50-009c-41b2-aa1c-0b0e9349f4ba 3
rr_event 8bf8dd50-009c-41b2-aa1c-0b0e9349f4ba 3
rr_event 8bf8dd50-009c-41b2-aa1c-0b0e9349f4ba 3
rr_event 8bf8dd50-009c-41b2-aa1c-0b0e9349f4ba 3
rr_event 8bf8dd50-009c-41b2-aa1c-0b0e9349f4ba 3
rr_event 8bf8dd50-009c-41b2-aa1c-0b0e9349f4ba 3
rr_event 8bf8dd50-009c-41b2-aa1c-0b0e9349f4ba 3
rr_event 8bf8dd50-009c-41b2-aa1c-0b0e9349f4ba 3
rr_event 8bf8dd50-009c-41b2-aa1c-0b0e9349f4ba 3
rr_event 8bf8dd50-009c-41b2-aa1c-0b0e9349f4ba 3
rr_event 8bf8dd50-009c-41b2-aa1c-0b0e9349f4ba 3
rr_event 8bf8dd50-009c-41b2-aa1c-0b0e9349f4ba 3
rr_event 8bf8dd50-009c-41b2-aa1c-0b0e9349f4ba 3
rr_event 8bf8dd50-009c-41b2-aa1c-0b0e9349f4ba 3
rr_event 8bf8dd50-009c-41b2-aa1c-0b0e9349f4ba 3
rr_event 8bf8dd50-009c-41b2-aa1c-0b0e9349f4ba 3
rr_event 8bf8dd50-009c-41b2-aa1c-0b0e9349f4ba 3
rr_event 8bf8dd50-009c-41b2-aa1c-0b0e9349f4ba 3
rr_event 8bf8dd50-009c-41b2-aa1c-0b0e9349f4ba 3
rr_event 8bf8dd50-009c-41b2-aa1c-0b0e9349f4ba 3
rr_event 8bf8dd50-009c-41b2-aa1c-0b0e9349f4ba 3
rr_event 8bf8dd50-009c-41b2-aa1c-0b0e9349f4ba 3
rr_event 8bf8dd50-009c-41b2-aa1c-0b0e9349f4ba 3
rr_event 8bf8dd50-009c-41b2-aa1c-0b0e9349f4ba 3
rr_event 8bf8dd50-009c-41b2-aa1c-0b0e9349f4ba 3
rr_event 8bf8dd50-009c-41b2-aa1c-0b0e9349f4ba 3
rr_event 8bf8dd50-009c-41b2-aa1c-0b0e9349f4ba 3
rr_event 8bf8dd50-009c-41b2-aa1c-0b0e9349f4ba 3
rr_event 8bf8dd50-009c-41b2-aa1c-0b0e9349f4ba 3
rr_event 8bf8dd50-009c-41b2-aa1c-0b0e9349f4ba 3
rr_event 8bf8dd50-009c-41b2-aa1c-0b0e9349f4ba 3
rr_event 8bf8dd50-009c-41b2-aa1c-0b0e9349f4ba 3
rr_event 8bf8dd50-009c-41b2-aa1c-0b0e9349f4ba 3
rr_event 8bf8dd50-009c-41b2-aa1c-0b0e9349f4ba 3
rr_event 8bf8dd50-009c-41b2-aa1c-0b0e9349f4ba 3
rr_event 8bf8dd50-009c-41b2-aa1c-0b0e9349f4ba 3
rr_event 8bf8dd50-009c-41b2-aa1c-0b0e9349f4ba 3
rr_event 8bf8dd50-009c-41b2-aa1c-0b0e9349f4ba 3
rr_event 8bf8dd50-009c-41b2-aa1c-0b0e9349f4ba 3
socket connected: aalko-JoDSigo3BbAAAR
rr_event b4fa0d76-2399-41c8-8ee4-952e21c99f43 4
socket disconnected aalko-JoDSigo3BbAAAR transport error
socket connected: pWGEYNB900P8xKE_AAAT
rr_event b4fa0d76-2399-41c8-8ee4-952e21c99f43 3
rr_event b4fa0d76-2399-41c8-8ee4-952e21c99f43 3
rr_event b4fa0d76-2399-41c8-8ee4-952e21c99f43 3
rr_event b4fa0d76-2399-41c8-8ee4-952e21c99f43 3
rr_event b4fa0d76-2399-41c8-8ee4-952e21c99f43 3
rr_event b4fa0d76-2399-41c8-8ee4-952e21c99f43 3
rr_event b4fa0d76-2399-41c8-8ee4-952e21c99f43 3
rr_event b4fa0d76-2399-41c8-8ee4-952e21c99f43 3
rr_event b4fa0d76-2399-41c8-8ee4-952e21c99f43 3
rr_event b4fa0d76-2399-41c8-8ee4-952e21c99f43 3
rr_event b4fa0d76-2399-41c8-8ee4-952e21c99f43 3
rr_event b4fa0d76-2399-41c8-8ee4-952e21c99f43 3
rr_event b4fa0d76-2399-41c8-8ee4-952e21c99f43 3
rr_event b4fa0d76-2399-41c8-8ee4-952e21c99f43 3
rr_event b4fa0d76-2399-41c8-8ee4-952e21c99f43 3
rr_event b4fa0d76-2399-41c8-8ee4-952e21c99f43 3
auth attempt {
  session_name: 'b4fa0d76-2399-41c8-8ee4-952e21c99f43',
  token: '1f597fb7c3bd4985a844ddac92a75d4f',
  role: 'target'
}
socket auth validated ok for b4fa0d76-2399-41c8-8ee4-952e21c99f43
rr_event b4fa0d76-2399-41c8-8ee4-952e21c99f43 3
rr_event b4fa0d76-2399-41c8-8ee4-952e21c99f43 3
rr_event b4fa0d76-2399-41c8-8ee4-952e21c99f43 3
rr_event b4fa0d76-2399-41c8-8ee4-952e21c99f43 3
rr_event b4fa0d76-2399-41c8-8ee4-952e21c99f43 3
rr_event b4fa0d76-2399-41c8-8ee4-952e21c99f43 3
rr_event b4fa0d76-2399-41c8-8ee4-952e21c99f43 3
rr_event b4fa0d76-2399-41c8-8ee4-952e21c99f43 3
rr_event b4fa0d76-2399-41c8-8ee4-952e21c99f43 3
rr_event b4fa0d76-2399-41c8-8ee4-952e21c99f43 3
rr_event b4fa0d76-2399-41c8-8ee4-952e21c99f43 3
rr_event b4fa0d76-2399-41c8-8ee4-952e21c99f43 3
rr_event b4fa0d76-2399-41c8-8ee4-952e21c99f43 3
rr_event b4fa0d76-2399-41c8-8ee4-952e21c99f43 3
rr_event b4fa0d76-2399-41c8-8ee4-952e21c99f43 3
rr_event b4fa0d76-2399-41c8-8ee4-952e21c99f43 3
rr_event b4fa0d76-2399-41c8-8ee4-952e21c99f43 3
rr_event b4fa0d76-2399-41c8-8ee4-952e21c99f43 3
rr_event b4fa0d76-2399-41c8-8ee4-952e21c99f43 3
rr_event b4fa0d76-2399-41c8-8ee4-952e21c99f43 3
rr_event b4fa0d76-2399-41c8-8ee4-952e21c99f43 3
rr_event b4fa0d76-2399-41c8-8ee4-952e21c99f43 3
rr_event b4fa0d76-2399-41c8-8ee4-952e21c99f43 3
rr_event b4fa0d76-2399-41c8-8ee4-952e21c99f43 3
rr_event b4fa0d76-2399-41c8-8ee4-952e21c99f43 3
rr_event b4fa0d76-2399-41c8-8ee4-952e21c99f43 3
rr_event b4fa0d76-2399-41c8-8ee4-952e21c99f43 3
rr_event b4fa0d76-2399-41c8-8ee4-952e21c99f43 3
rr_event b4fa0d76-2399-41c8-8ee4-952e21c99f43 3
rr_event b4fa0d76-2399-41c8-8ee4-952e21c99f43 3
rr_event b4fa0d76-2399-41c8-8ee4-952e21c99f43 3
rr_event b4fa0d76-2399-41c8-8ee4-952e21c99f43 3
rr_event b4fa0d76-2399-41c8-8ee4-952e21c99f43 3
rr_event b4fa0d76-2399-41c8-8ee4-952e21c99f43 3
rr_event b4fa0d76-2399-41c8-8ee4-952e21c99f43 3
rr_event b4fa0d76-2399-41c8-8ee4-952e21c99f43 3
rr_event b4fa0d76-2399-41c8-8ee4-952e21c99f43 3
rr_event b4fa0d76-2399-41c8-8ee4-952e21c99f43 3
rr_event b4fa0d76-2399-41c8-8ee4-952e21c99f43 3
rr_event b4fa0d76-2399-41c8-8ee4-952e21c99f43 3
rr_event b4fa0d76-2399-41c8-8ee4-952e21c99f43 3
rr_event b4fa0d76-2399-41c8-8ee4-952e21c99f43 3
rr_event b4fa0d76-2399-41c8-8ee4-952e21c99f43 3
rr_event b4fa0d76-2399-41c8-8ee4-952e21c99f43 3
rr_event b4fa0d76-2399-41c8-8ee4-952e21c99f43 3
rr_event b4fa0d76-2399-41c8-8ee4-952e21c99f43 3
rr_event b4fa0d76-2399-41c8-8ee4-952e21c99f43 3
rr_event b4fa0d76-2399-41c8-8ee4-952e21c99f43 3
rr_event b4fa0d76-2399-41c8-8ee4-952e21c99f43 3
rr_event b4fa0d76-2399-41c8-8ee4-952e21c99f43 3
rr_event b4fa0d76-2399-41c8-8ee4-952e21c99f43 3
rr_event b4fa0d76-2399-41c8-8ee4-952e21c99f43 3
socket disconnected OlaBnH8g2ycA6CJmAAAH transport close
socket disconnected 0Ag5MQxkBJrxbOSSAAAL transport close
socket disconnected YWkEjnRanmncAxlrAAAP transport close
socket disconnected pWGEYNB900P8xKE_AAAT transport close
socket connected: VNR3pCAnDQmcW-3oAAAV
rr_event 9773e491-d39a-422e-8107-26c0b838eb8e 4
socket disconnected VNR3pCAnDQmcW-3oAAAV transport error
socket connected: wauGEujQiVXvv770AAAX
rr_event 9773e491-d39a-422e-8107-26c0b838eb8e 3
rr_event 9773e491-d39a-422e-8107-26c0b838eb8e 3
rr_event 9773e491-d39a-422e-8107-26c0b838eb8e 3
rr_event 9773e491-d39a-422e-8107-26c0b838eb8e 3
rr_event 9773e491-d39a-422e-8107-26c0b838eb8e 3
auth attempt {
  session_name: '9773e491-d39a-422e-8107-26c0b838eb8e',
  token: 'e65446b95a43439fbeabff8df0558117',
  role: 'target'
}
socket auth validated ok for 9773e491-d39a-422e-8107-26c0b838eb8e
rr_event 9773e491-d39a-422e-8107-26c0b838eb8e 3
rr_event 9773e491-d39a-422e-8107-26c0b838eb8e 3
rr_event 9773e491-d39a-422e-8107-26c0b838eb8e 3
rr_event 9773e491-d39a-422e-8107-26c0b838eb8e 3
rr_event 9773e491-d39a-422e-8107-26c0b838eb8e 3
rr_event 9773e491-d39a-422e-8107-26c0b838eb8e 3
rr_event 9773e491-d39a-422e-8107-26c0b838eb8e 3
rr_event 9773e491-d39a-422e-8107-26c0b838eb8e 3
rr_event 9773e491-d39a-422e-8107-26c0b838eb8e 3
rr_event 9773e491-d39a-422e-8107-26c0b838eb8e 3
rr_event 9773e491-d39a-422e-8107-26c0b838eb8e 3
rr_event 9773e491-d39a-422e-8107-26c0b838eb8e 3
rr_event 9773e491-d39a-422e-8107-26c0b838eb8e 3
rr_event 9773e491-d39a-422e-8107-26c0b838eb8e 3
rr_event 9773e491-d39a-422e-8107-26c0b838eb8e 3
rr_event 9773e491-d39a-422e-8107-26c0b838eb8e 3
rr_event 9773e491-d39a-422e-8107-26c0b838eb8e 3
rr_event 9773e491-d39a-422e-8107-26c0b838eb8e 3
rr_event 9773e491-d39a-422e-8107-26c0b838eb8e 3
rr_event 9773e491-d39a-422e-8107-26c0b838eb8e 3
rr_event 9773e491-d39a-422e-8107-26c0b838eb8e 3
rr_event 9773e491-d39a-422e-8107-26c0b838eb8e 3
rr_event 9773e491-d39a-422e-8107-26c0b838eb8e 3
rr_event 9773e491-d39a-422e-8107-26c0b838eb8e 3
rr_event 9773e491-d39a-422e-8107-26c0b838eb8e 3
rr_event 9773e491-d39a-422e-8107-26c0b838eb8e 3
rr_event 9773e491-d39a-422e-8107-26c0b838eb8e 3
rr_event 9773e491-d39a-422e-8107-26c0b838eb8e 3
rr_event 9773e491-d39a-422e-8107-26c0b838eb8e 3
rr_event 9773e491-d39a-422e-8107-26c0b838eb8e 3
rr_event 9773e491-d39a-422e-8107-26c0b838eb8e 3
rr_event 9773e491-d39a-422e-8107-26c0b838eb8e 3
rr_event 9773e491-d39a-422e-8107-26c0b838eb8e 3
rr_event 9773e491-d39a-422e-8107-26c0b838eb8e 3
rr_event 9773e491-d39a-422e-8107-26c0b838eb8e 3
rr_event 9773e491-d39a-422e-8107-26c0b838eb8e 3
rr_event 9773e491-d39a-422e-8107-26c0b838eb8e 3
rr_event 9773e491-d39a-422e-8107-26c0b838eb8e 3
rr_event 9773e491-d39a-422e-8107-26c0b838eb8e 3
socket disconnected wauGEujQiVXvv770AAAX transport close
socket connected: wUJVsrKaaTlPKOgGAAAZ
rr_event b650ef8d-6719-4270-bebf-d1695af96072 4
socket disconnected wUJVsrKaaTlPKOgGAAAZ transport error
socket connected: 9YzJLdpjAGsQQpQdAAAb
rr_event b650ef8d-6719-4270-bebf-d1695af96072 3
rr_event b650ef8d-6719-4270-bebf-d1695af96072 3
rr_event b650ef8d-6719-4270-bebf-d1695af96072 3
rr_event b650ef8d-6719-4270-bebf-d1695af96072 3
auth attempt {
  session_name: 'b650ef8d-6719-4270-bebf-d1695af96072',
  token: '35c5e6850115447e90c82f7df9eb79a6',
  role: 'target'
}
socket auth validated ok for b650ef8d-6719-4270-bebf-d1695af96072
rr_event b650ef8d-6719-4270-bebf-d1695af96072 3
rr_event b650ef8d-6719-4270-bebf-d1695af96072 3
rr_event b650ef8d-6719-4270-bebf-d1695af96072 3
rr_event b650ef8d-6719-4270-bebf-d1695af96072 3
rr_event b650ef8d-6719-4270-bebf-d1695af96072 3
rr_event b650ef8d-6719-4270-bebf-d1695af96072 3
rr_event b650ef8d-6719-4270-bebf-d1695af96072 3
rr_event b650ef8d-6719-4270-bebf-d1695af96072 3
rr_event b650ef8d-6719-4270-bebf-d1695af96072 3
rr_event b650ef8d-6719-4270-bebf-d1695af96072 3
rr_event b650ef8d-6719-4270-bebf-d1695af96072 3
rr_event b650ef8d-6719-4270-bebf-d1695af96072 3
rr_event b650ef8d-6719-4270-bebf-d1695af96072 3
rr_event b650ef8d-6719-4270-bebf-d1695af96072 3
rr_event b650ef8d-6719-4270-bebf-d1695af96072 3
rr_event b650ef8d-6719-4270-bebf-d1695af96072 3
rr_event b650ef8d-6719-4270-bebf-d1695af96072 3
rr_event b650ef8d-6719-4270-bebf-d1695af96072 3
rr_event b650ef8d-6719-4270-bebf-d1695af96072 3
rr_event b650ef8d-6719-4270-bebf-d1695af96072 3
rr_event b650ef8d-6719-4270-bebf-d1695af96072 3
rr_event b650ef8d-6719-4270-bebf-d1695af96072 3
rr_event b650ef8d-6719-4270-bebf-d1695af96072 3
rr_event b650ef8d-6719-4270-bebf-d1695af96072 3
rr_event b650ef8d-6719-4270-bebf-d1695af96072 3
rr_event b650ef8d-6719-4270-bebf-d1695af96072 3
rr_event b650ef8d-6719-4270-bebf-d1695af96072 3
rr_event b650ef8d-6719-4270-bebf-d1695af96072 3
rr_event b650ef8d-6719-4270-bebf-d1695af96072 3
rr_event b650ef8d-6719-4270-bebf-d1695af96072 3
rr_event b650ef8d-6719-4270-bebf-d1695af96072 3
rr_event b650ef8d-6719-4270-bebf-d1695af96072 3
rr_event b650ef8d-6719-4270-bebf-d1695af96072 3
rr_event b650ef8d-6719-4270-bebf-d1695af96072 3
rr_event b650ef8d-6719-4270-bebf-d1695af96072 3
rr_event b650ef8d-6719-4270-bebf-d1695af96072 3
rr_event b650ef8d-6719-4270-bebf-d1695af96072 3
socket connected: P7qx1YG902C1Vm3KAAAd
rr_event ef72dfaa-4f35-412f-a7f7-0e6f30fd2eb6 4
socket disconnected P7qx1YG902C1Vm3KAAAd transport error
socket connected: bpq3tY11weTzIvJfAAAf
rr_event ef72dfaa-4f35-412f-a7f7-0e6f30fd2eb6 3
rr_event ef72dfaa-4f35-412f-a7f7-0e6f30fd2eb6 3
rr_event ef72dfaa-4f35-412f-a7f7-0e6f30fd2eb6 3
rr_event ef72dfaa-4f35-412f-a7f7-0e6f30fd2eb6 3
rr_event ef72dfaa-4f35-412f-a7f7-0e6f30fd2eb6 3
rr_event ef72dfaa-4f35-412f-a7f7-0e6f30fd2eb6 3
rr_event ef72dfaa-4f35-412f-a7f7-0e6f30fd2eb6 3
rr_event ef72dfaa-4f35-412f-a7f7-0e6f30fd2eb6 3
auth attempt {
  session_name: 'ef72dfaa-4f35-412f-a7f7-0e6f30fd2eb6',
  token: '185f3712819345aba97320cb5afcd0fa',
  role: 'target'
}
socket auth validated ok for ef72dfaa-4f35-412f-a7f7-0e6f30fd2eb6
rr_event ef72dfaa-4f35-412f-a7f7-0e6f30fd2eb6 3
rr_event ef72dfaa-4f35-412f-a7f7-0e6f30fd2eb6 3
rr_event ef72dfaa-4f35-412f-a7f7-0e6f30fd2eb6 3
rr_event ef72dfaa-4f35-412f-a7f7-0e6f30fd2eb6 3
rr_event ef72dfaa-4f35-412f-a7f7-0e6f30fd2eb6 3
rr_event ef72dfaa-4f35-412f-a7f7-0e6f30fd2eb6 3
rr_event ef72dfaa-4f35-412f-a7f7-0e6f30fd2eb6 3
rr_event ef72dfaa-4f35-412f-a7f7-0e6f30fd2eb6 3
rr_event ef72dfaa-4f35-412f-a7f7-0e6f30fd2eb6 3
rr_event ef72dfaa-4f35-412f-a7f7-0e6f30fd2eb6 3
rr_event ef72dfaa-4f35-412f-a7f7-0e6f30fd2eb6 3
rr_event ef72dfaa-4f35-412f-a7f7-0e6f30fd2eb6 3
rr_event ef72dfaa-4f35-412f-a7f7-0e6f30fd2eb6 3
rr_event ef72dfaa-4f35-412f-a7f7-0e6f30fd2eb6 3
rr_event ef72dfaa-4f35-412f-a7f7-0e6f30fd2eb6 3
rr_event ef72dfaa-4f35-412f-a7f7-0e6f30fd2eb6 3
rr_event ef72dfaa-4f35-412f-a7f7-0e6f30fd2eb6 3
rr_event ef72dfaa-4f35-412f-a7f7-0e6f30fd2eb6 3
rr_event ef72dfaa-4f35-412f-a7f7-0e6f30fd2eb6 3
rr_event ef72dfaa-4f35-412f-a7f7-0e6f30fd2eb6 3
rr_event ef72dfaa-4f35-412f-a7f7-0e6f30fd2eb6 3
rr_event ef72dfaa-4f35-412f-a7f7-0e6f30fd2eb6 3
rr_event ef72dfaa-4f35-412f-a7f7-0e6f30fd2eb6 3
rr_event ef72dfaa-4f35-412f-a7f7-0e6f30fd2eb6 3
rr_event ef72dfaa-4f35-412f-a7f7-0e6f30fd2eb6 3
rr_event ef72dfaa-4f35-412f-a7f7-0e6f30fd2eb6 3
rr_event ef72dfaa-4f35-412f-a7f7-0e6f30fd2eb6 3
rr_event ef72dfaa-4f35-412f-a7f7-0e6f30fd2eb6 3
rr_event ef72dfaa-4f35-412f-a7f7-0e6f30fd2eb6 3
rr_event ef72dfaa-4f35-412f-a7f7-0e6f30fd2eb6 3
rr_event ef72dfaa-4f35-412f-a7f7-0e6f30fd2eb6 3
rr_event ef72dfaa-4f35-412f-a7f7-0e6f30fd2eb6 3
rr_event ef72dfaa-4f35-412f-a7f7-0e6f30fd2eb6 3
rr_event ef72dfaa-4f35-412f-a7f7-0e6f30fd2eb6 3
rr_event ef72dfaa-4f35-412f-a7f7-0e6f30fd2eb6 3
rr_event ef72dfaa-4f35-412f-a7f7-0e6f30fd2eb6 3
rr_event ef72dfaa-4f35-412f-a7f7-0e6f30fd2eb6 3
rr_event ef72dfaa-4f35-412f-a7f7-0e6f30fd2eb6 3
rr_event ef72dfaa-4f35-412f-a7f7-0e6f30fd2eb6 3
rr_event ef72dfaa-4f35-412f-a7f7-0e6f30fd2eb6 3
rr_event ef72dfaa-4f35-412f-a7f7-0e6f30fd2eb6 3
rr_event ef72dfaa-4f35-412f-a7f7-0e6f30fd2eb6 3
rr_event ef72dfaa-4f35-412f-a7f7-0e6f30fd2eb6 3
rr_event ef72dfaa-4f35-412f-a7f7-0e6f30fd2eb6 3
rr_event ef72dfaa-4f35-412f-a7f7-0e6f30fd2eb6 3
rr_event ef72dfaa-4f35-412f-a7f7-0e6f30fd2eb6 3
rr_event ef72dfaa-4f35-412f-a7f7-0e6f30fd2eb6 3
rr_event ef72dfaa-4f35-412f-a7f7-0e6f30fd2eb6 3
rr_event ef72dfaa-4f35-412f-a7f7-0e6f30fd2eb6 3
rr_event ef72dfaa-4f35-412f-a7f7-0e6f30fd2eb6 3
rr_event ef72dfaa-4f35-412f-a7f7-0e6f30fd2eb6 3
rr_event ef72dfaa-4f35-412f-a7f7-0e6f30fd2eb6 3
rr_event ef72dfaa-4f35-412f-a7f7-0e6f30fd2eb6 3
rr_event ef72dfaa-4f35-412f-a7f7-0e6f30fd2eb6 3
rr_event ef72dfaa-4f35-412f-a7f7-0e6f30fd2eb6 3
rr_event ef72dfaa-4f35-412f-a7f7-0e6f30fd2eb6 3
rr_event ef72dfaa-4f35-412f-a7f7-0e6f30fd2eb6 3
rr_event ef72dfaa-4f35-412f-a7f7-0e6f30fd2eb6 3
rr_event ef72dfaa-4f35-412f-a7f7-0e6f30fd2eb6 3
rr_event ef72dfaa-4f35-412f-a7f7-0e6f30fd2eb6 3
rr_event ef72dfaa-4f35-412f-a7f7-0e6f30fd2eb6 3
rr_event ef72dfaa-4f35-412f-a7f7-0e6f30fd2eb6 3
rr_event ef72dfaa-4f35-412f-a7f7-0e6f30fd2eb6 3
rr_event ef72dfaa-4f35-412f-a7f7-0e6f30fd2eb6 3
rr_event ef72dfaa-4f35-412f-a7f7-0e6f30fd2eb6 3
rr_event ef72dfaa-4f35-412f-a7f7-0e6f30fd2eb6 3
rr_event ef72dfaa-4f35-412f-a7f7-0e6f30fd2eb6 3
rr_event ef72dfaa-4f35-412f-a7f7-0e6f30fd2eb6 3
rr_event ef72dfaa-4f35-412f-a7f7-0e6f30fd2eb6 3
rr_event ef72dfaa-4f35-412f-a7f7-0e6f30fd2eb6 3
rr_event ef72dfaa-4f35-412f-a7f7-0e6f30fd2eb6 3
rr_event ef72dfaa-4f35-412f-a7f7-0e6f30fd2eb6 3
rr_event ef72dfaa-4f35-412f-a7f7-0e6f30fd2eb6 3
rr_event ef72dfaa-4f35-412f-a7f7-0e6f30fd2eb6 3
rr_event ef72dfaa-4f35-412f-a7f7-0e6f30fd2eb6 3
rr_event ef72dfaa-4f35-412f-a7f7-0e6f30fd2eb6 3
rr_event ef72dfaa-4f35-412f-a7f7-0e6f30fd2eb6 3
rr_event ef72dfaa-4f35-412f-a7f7-0e6f30fd2eb6 3
rr_event ef72dfaa-4f35-412f-a7f7-0e6f30fd2eb6 3
rr_event ef72dfaa-4f35-412f-a7f7-0e6f30fd2eb6 3
rr_event ef72dfaa-4f35-412f-a7f7-0e6f30fd2eb6 3
rr_event ef72dfaa-4f35-412f-a7f7-0e6f30fd2eb6 3
rr_event ef72dfaa-4f35-412f-a7f7-0e6f30fd2eb6 3
rr_event ef72dfaa-4f35-412f-a7f7-0e6f30fd2eb6 3
rr_event ef72dfaa-4f35-412f-a7f7-0e6f30fd2eb6 3
rr_event ef72dfaa-4f35-412f-a7f7-0e6f30fd2eb6 3
rr_event ef72dfaa-4f35-412f-a7f7-0e6f30fd2eb6 3
rr_event ef72dfaa-4f35-412f-a7f7-0e6f30fd2eb6 3
rr_event ef72dfaa-4f35-412f-a7f7-0e6f30fd2eb6 3
rr_event ef72dfaa-4f35-412f-a7f7-0e6f30fd2eb6 3
rr_event ef72dfaa-4f35-412f-a7f7-0e6f30fd2eb6 3
rr_event ef72dfaa-4f35-412f-a7f7-0e6f30fd2eb6 3
rr_event ef72dfaa-4f35-412f-a7f7-0e6f30fd2eb6 3
rr_event ef72dfaa-4f35-412f-a7f7-0e6f30fd2eb6 3
rr_event ef72dfaa-4f35-412f-a7f7-0e6f30fd2eb6 3
rr_event ef72dfaa-4f35-412f-a7f7-0e6f30fd2eb6 3
rr_event ef72dfaa-4f35-412f-a7f7-0e6f30fd2eb6 3
rr_event ef72dfaa-4f35-412f-a7f7-0e6f30fd2eb6 3
rr_event ef72dfaa-4f35-412f-a7f7-0e6f30fd2eb6 3
rr_event ef72dfaa-4f35-412f-a7f7-0e6f30fd2eb6 3
rr_event ef72dfaa-4f35-412f-a7f7-0e6f30fd2eb6 3
rr_event ef72dfaa-4f35-412f-a7f7-0e6f30fd2eb6 3
rr_event ef72dfaa-4f35-412f-a7f7-0e6f30fd2eb6 3
rr_event ef72dfaa-4f35-412f-a7f7-0e6f30fd2eb6 3
rr_event ef72dfaa-4f35-412f-a7f7-0e6f30fd2eb6 3
rr_event ef72dfaa-4f35-412f-a7f7-0e6f30fd2eb6 3
rr_event ef72dfaa-4f35-412f-a7f7-0e6f30fd2eb6 3
rr_event ef72dfaa-4f35-412f-a7f7-0e6f30fd2eb6 3
rr_event ef72dfaa-4f35-412f-a7f7-0e6f30fd2eb6 3
rr_event ef72dfaa-4f35-412f-a7f7-0e6f30fd2eb6 3
rr_event ef72dfaa-4f35-412f-a7f7-0e6f30fd2eb6 3
rr_event ef72dfaa-4f35-412f-a7f7-0e6f30fd2eb6 3
rr_event ef72dfaa-4f35-412f-a7f7-0e6f30fd2eb6 3
rr_event ef72dfaa-4f35-412f-a7f7-0e6f30fd2eb6 3
rr_event ef72dfaa-4f35-412f-a7f7-0e6f30fd2eb6 3
rr_event ef72dfaa-4f35-412f-a7f7-0e6f30fd2eb6 3
rr_event ef72dfaa-4f35-412f-a7f7-0e6f30fd2eb6 3
rr_event ef72dfaa-4f35-412f-a7f7-0e6f30fd2eb6 3
rr_event ef72dfaa-4f35-412f-a7f7-0e6f30fd2eb6 3
rr_event ef72dfaa-4f35-412f-a7f7-0e6f30fd2eb6 3
rr_event ef72dfaa-4f35-412f-a7f7-0e6f30fd2eb6 3
rr_event ef72dfaa-4f35-412f-a7f7-0e6f30fd2eb6 3
rr_event ef72dfaa-4f35-412f-a7f7-0e6f30fd2eb6 3
rr_event ef72dfaa-4f35-412f-a7f7-0e6f30fd2eb6 3
rr_event ef72dfaa-4f35-412f-a7f7-0e6f30fd2eb6 3
rr_event ef72dfaa-4f35-412f-a7f7-0e6f30fd2eb6 3
rr_event ef72dfaa-4f35-412f-a7f7-0e6f30fd2eb6 3
rr_event ef72dfaa-4f35-412f-a7f7-0e6f30fd2eb6 3
rr_event ef72dfaa-4f35-412f-a7f7-0e6f30fd2eb6 3
rr_event ef72dfaa-4f35-412f-a7f7-0e6f30fd2eb6 3
rr_event ef72dfaa-4f35-412f-a7f7-0e6f30fd2eb6 3
rr_event ef72dfaa-4f35-412f-a7f7-0e6f30fd2eb6 3
rr_event ef72dfaa-4f35-412f-a7f7-0e6f30fd2eb6 3
rr_event ef72dfaa-4f35-412f-a7f7-0e6f30fd2eb6 3
rr_event ef72dfaa-4f35-412f-a7f7-0e6f30fd2eb6 3
rr_event ef72dfaa-4f35-412f-a7f7-0e6f30fd2eb6 3
rr_event ef72dfaa-4f35-412f-a7f7-0e6f30fd2eb6 3
rr_event ef72dfaa-4f35-412f-a7f7-0e6f30fd2eb6 3
rr_event ef72dfaa-4f35-412f-a7f7-0e6f30fd2eb6 3
rr_event ef72dfaa-4f35-412f-a7f7-0e6f30fd2eb6 3
rr_event ef72dfaa-4f35-412f-a7f7-0e6f30fd2eb6 3
rr_event ef72dfaa-4f35-412f-a7f7-0e6f30fd2eb6 3
rr_event ef72dfaa-4f35-412f-a7f7-0e6f30fd2eb6 3
rr_event ef72dfaa-4f35-412f-a7f7-0e6f30fd2eb6 3
rr_event ef72dfaa-4f35-412f-a7f7-0e6f30fd2eb6 3
rr_event ef72dfaa-4f35-412f-a7f7-0e6f30fd2eb6 3
rr_event ef72dfaa-4f35-412f-a7f7-0e6f30fd2eb6 3
rr_event ef72dfaa-4f35-412f-a7f7-0e6f30fd2eb6 3
rr_event ef72dfaa-4f35-412f-a7f7-0e6f30fd2eb6 3
rr_event ef72dfaa-4f35-412f-a7f7-0e6f30fd2eb6 3
rr_event ef72dfaa-4f35-412f-a7f7-0e6f30fd2eb6 3
rr_event ef72dfaa-4f35-412f-a7f7-0e6f30fd2eb6 3
rr_event ef72dfaa-4f35-412f-a7f7-0e6f30fd2eb6 3
rr_event ef72dfaa-4f35-412f-a7f7-0e6f30fd2eb6 3
rr_event ef72dfaa-4f35-412f-a7f7-0e6f30fd2eb6 3
rr_event ef72dfaa-4f35-412f-a7f7-0e6f30fd2eb6 3
rr_event ef72dfaa-4f35-412f-a7f7-0e6f30fd2eb6 3
rr_event ef72dfaa-4f35-412f-a7f7-0e6f30fd2eb6 3
rr_event ef72dfaa-4f35-412f-a7f7-0e6f30fd2eb6 3
rr_event ef72dfaa-4f35-412f-a7f7-0e6f30fd2eb6 3
rr_event ef72dfaa-4f35-412f-a7f7-0e6f30fd2eb6 3
rr_event ef72dfaa-4f35-412f-a7f7-0e6f30fd2eb6 3
rr_event ef72dfaa-4f35-412f-a7f7-0e6f30fd2eb6 3
rr_event ef72dfaa-4f35-412f-a7f7-0e6f30fd2eb6 3
rr_event ef72dfaa-4f35-412f-a7f7-0e6f30fd2eb6 3
rr_event ef72dfaa-4f35-412f-a7f7-0e6f30fd2eb6 3
rr_event ef72dfaa-4f35-412f-a7f7-0e6f30fd2eb6 3
rr_event ef72dfaa-4f35-412f-a7f7-0e6f30fd2eb6 3
rr_event ef72dfaa-4f35-412f-a7f7-0e6f30fd2eb6 3
rr_event ef72dfaa-4f35-412f-a7f7-0e6f30fd2eb6 3
rr_event ef72dfaa-4f35-412f-a7f7-0e6f30fd2eb6 3
rr_event ef72dfaa-4f35-412f-a7f7-0e6f30fd2eb6 3
rr_event ef72dfaa-4f35-412f-a7f7-0e6f30fd2eb6 3
rr_event ef72dfaa-4f35-412f-a7f7-0e6f30fd2eb6 3
rr_event ef72dfaa-4f35-412f-a7f7-0e6f30fd2eb6 3
rr_event ef72dfaa-4f35-412f-a7f7-0e6f30fd2eb6 3
rr_event ef72dfaa-4f35-412f-a7f7-0e6f30fd2eb6 3
rr_event ef72dfaa-4f35-412f-a7f7-0e6f30fd2eb6 3
rr_event ef72dfaa-4f35-412f-a7f7-0e6f30fd2eb6 3
rr_event ef72dfaa-4f35-412f-a7f7-0e6f30fd2eb6 3
rr_event ef72dfaa-4f35-412f-a7f7-0e6f30fd2eb6 3
rr_event ef72dfaa-4f35-412f-a7f7-0e6f30fd2eb6 3
socket connected: ejRsg_GWuFvDC_rNAAAh
rr_event 2e6cb5ee-b5e0-4202-a425-f85263947f05 4
socket disconnected ejRsg_GWuFvDC_rNAAAh transport error
socket connected: re2thL2a6oIz4JzvAAAj
rr_event 2e6cb5ee-b5e0-4202-a425-f85263947f05 3
rr_event 2e6cb5ee-b5e0-4202-a425-f85263947f05 3
rr_event 2e6cb5ee-b5e0-4202-a425-f85263947f05 3
rr_event 2e6cb5ee-b5e0-4202-a425-f85263947f05 3
rr_event 2e6cb5ee-b5e0-4202-a425-f85263947f05 3
rr_event 2e6cb5ee-b5e0-4202-a425-f85263947f05 3
rr_event 2e6cb5ee-b5e0-4202-a425-f85263947f05 3
rr_event 2e6cb5ee-b5e0-4202-a425-f85263947f05 3
rr_event 2e6cb5ee-b5e0-4202-a425-f85263947f05 3
rr_event 2e6cb5ee-b5e0-4202-a425-f85263947f05 3
rr_event 2e6cb5ee-b5e0-4202-a425-f85263947f05 3
rr_event 2e6cb5ee-b5e0-4202-a425-f85263947f05 3
rr_event 2e6cb5ee-b5e0-4202-a425-f85263947f05 3
auth attempt {
  session_name: '2e6cb5ee-b5e0-4202-a425-f85263947f05',
  token: '49faf19d04184a75a72071de1493f861',
  role: 'target'
}
socket auth validated ok for 2e6cb5ee-b5e0-4202-a425-f85263947f05
rr_event 2e6cb5ee-b5e0-4202-a425-f85263947f05 3
rr_event 2e6cb5ee-b5e0-4202-a425-f85263947f05 3
rr_event 2e6cb5ee-b5e0-4202-a425-f85263947f05 3
rr_event 2e6cb5ee-b5e0-4202-a425-f85263947f05 3
rr_event 2e6cb5ee-b5e0-4202-a425-f85263947f05 3
rr_event 2e6cb5ee-b5e0-4202-a425-f85263947f05 3
rr_event 2e6cb5ee-b5e0-4202-a425-f85263947f05 3
rr_event 2e6cb5ee-b5e0-4202-a425-f85263947f05 3
rr_event 2e6cb5ee-b5e0-4202-a425-f85263947f05 3
rr_event 2e6cb5ee-b5e0-4202-a425-f85263947f05 3
rr_event 2e6cb5ee-b5e0-4202-a425-f85263947f05 3
rr_event 2e6cb5ee-b5e0-4202-a425-f85263947f05 3
rr_event 2e6cb5ee-b5e0-4202-a425-f85263947f05 3
rr_event 2e6cb5ee-b5e0-4202-a425-f85263947f05 3
rr_event 2e6cb5ee-b5e0-4202-a425-f85263947f05 3
rr_event 2e6cb5ee-b5e0-4202-a425-f85263947f05 3
rr_event 2e6cb5ee-b5e0-4202-a425-f85263947f05 3
rr_event 2e6cb5ee-b5e0-4202-a425-f85263947f05 3
rr_event 2e6cb5ee-b5e0-4202-a425-f85263947f05 3
rr_event 2e6cb5ee-b5e0-4202-a425-f85263947f05 3
rr_event 2e6cb5ee-b5e0-4202-a425-f85263947f05 3
rr_event 2e6cb5ee-b5e0-4202-a425-f85263947f05 3
rr_event 2e6cb5ee-b5e0-4202-a425-f85263947f05 3
rr_event 2e6cb5ee-b5e0-4202-a425-f85263947f05 3
rr_event 2e6cb5ee-b5e0-4202-a425-f85263947f05 3
rr_event 2e6cb5ee-b5e0-4202-a425-f85263947f05 3
rr_event 2e6cb5ee-b5e0-4202-a425-f85263947f05 3
rr_event 2e6cb5ee-b5e0-4202-a425-f85263947f05 3
rr_event 2e6cb5ee-b5e0-4202-a425-f85263947f05 3
rr_event 2e6cb5ee-b5e0-4202-a425-f85263947f05 3
rr_event 2e6cb5ee-b5e0-4202-a425-f85263947f05 3
rr_event 2e6cb5ee-b5e0-4202-a425-f85263947f05 3
rr_event 2e6cb5ee-b5e0-4202-a425-f85263947f05 3
rr_event 2e6cb5ee-b5e0-4202-a425-f85263947f05 3
rr_event 2e6cb5ee-b5e0-4202-a425-f85263947f05 3
rr_event 2e6cb5ee-b5e0-4202-a425-f85263947f05 3
rr_event 2e6cb5ee-b5e0-4202-a425-f85263947f05 3
rr_event 2e6cb5ee-b5e0-4202-a425-f85263947f05 3
rr_event 2e6cb5ee-b5e0-4202-a425-f85263947f05 3
rr_event 2e6cb5ee-b5e0-4202-a425-f85263947f05 3
rr_event 2e6cb5ee-b5e0-4202-a425-f85263947f05 3
rr_event 2e6cb5ee-b5e0-4202-a425-f85263947f05 3
rr_event 2e6cb5ee-b5e0-4202-a425-f85263947f05 3
rr_event 2e6cb5ee-b5e0-4202-a425-f85263947f05 3
rr_event 2e6cb5ee-b5e0-4202-a425-f85263947f05 3
rr_event 2e6cb5ee-b5e0-4202-a425-f85263947f05 3
rr_event 2e6cb5ee-b5e0-4202-a425-f85263947f05 3
rr_event 2e6cb5ee-b5e0-4202-a425-f85263947f05 3
rr_event 2e6cb5ee-b5e0-4202-a425-f85263947f05 3
rr_event 2e6cb5ee-b5e0-4202-a425-f85263947f05 3
rr_event 2e6cb5ee-b5e0-4202-a425-f85263947f05 3
rr_event 2e6cb5ee-b5e0-4202-a425-f85263947f05 3
rr_event 2e6cb5ee-b5e0-4202-a425-f85263947f05 3
rr_event 2e6cb5ee-b5e0-4202-a425-f85263947f05 3
rr_event 2e6cb5ee-b5e0-4202-a425-f85263947f05 3
rr_event 2e6cb5ee-b5e0-4202-a425-f85263947f05 3
rr_event 2e6cb5ee-b5e0-4202-a425-f85263947f05 3
rr_event 2e6cb5ee-b5e0-4202-a425-f85263947f05 3
rr_event 2e6cb5ee-b5e0-4202-a425-f85263947f05 3
rr_event 2e6cb5ee-b5e0-4202-a425-f85263947f05 3
rr_event 2e6cb5ee-b5e0-4202-a425-f85263947f05 3
rr_event 2e6cb5ee-b5e0-4202-a425-f85263947f05 3
rr_event 2e6cb5ee-b5e0-4202-a425-f85263947f05 3
rr_event 2e6cb5ee-b5e0-4202-a425-f85263947f05 3
rr_event 2e6cb5ee-b5e0-4202-a425-f85263947f05 3
rr_event 2e6cb5ee-b5e0-4202-a425-f85263947f05 3
rr_event 2e6cb5ee-b5e0-4202-a425-f85263947f05 3
rr_event 2e6cb5ee-b5e0-4202-a425-f85263947f05 3
rr_event 2e6cb5ee-b5e0-4202-a425-f85263947f05 3
rr_event 2e6cb5ee-b5e0-4202-a425-f85263947f05 3
rr_event 2e6cb5ee-b5e0-4202-a425-f85263947f05 3
rr_event 2e6cb5ee-b5e0-4202-a425-f85263947f05 3
rr_event 2e6cb5ee-b5e0-4202-a425-f85263947f05 3
rr_event 2e6cb5ee-b5e0-4202-a425-f85263947f05 3
rr_event 2e6cb5ee-b5e0-4202-a425-f85263947f05 3
rr_event 2e6cb5ee-b5e0-4202-a425-f85263947f05 3
rr_event 2e6cb5ee-b5e0-4202-a425-f85263947f05 3
rr_event 2e6cb5ee-b5e0-4202-a425-f85263947f05 3
rr_event 2e6cb5ee-b5e0-4202-a425-f85263947f05 3
rr_event 2e6cb5ee-b5e0-4202-a425-f85263947f05 3
rr_event 2e6cb5ee-b5e0-4202-a425-f85263947f05 3
rr_event 2e6cb5ee-b5e0-4202-a425-f85263947f05 3
rr_event 2e6cb5ee-b5e0-4202-a425-f85263947f05 3
rr_event 2e6cb5ee-b5e0-4202-a425-f85263947f05 3
rr_event 2e6cb5ee-b5e0-4202-a425-f85263947f05 3
rr_event 2e6cb5ee-b5e0-4202-a425-f85263947f05 3
rr_event 2e6cb5ee-b5e0-4202-a425-f85263947f05 3
rr_event 2e6cb5ee-b5e0-4202-a425-f85263947f05 3
rr_event 2e6cb5ee-b5e0-4202-a425-f85263947f05 3
rr_event 2e6cb5ee-b5e0-4202-a425-f85263947f05 3
rr_event 2e6cb5ee-b5e0-4202-a425-f85263947f05 3
rr_event 2e6cb5ee-b5e0-4202-a425-f85263947f05 3
rr_event 2e6cb5ee-b5e0-4202-a425-f85263947f05 3
rr_event 2e6cb5ee-b5e0-4202-a425-f85263947f05 3
rr_event 2e6cb5ee-b5e0-4202-a425-f85263947f05 3
rr_event 2e6cb5ee-b5e0-4202-a425-f85263947f05 3
rr_event 2e6cb5ee-b5e0-4202-a425-f85263947f05 3
rr_event 2e6cb5ee-b5e0-4202-a425-f85263947f05 3
rr_event 2e6cb5ee-b5e0-4202-a425-f85263947f05 3
rr_event 2e6cb5ee-b5e0-4202-a425-f85263947f05 3
rr_event 2e6cb5ee-b5e0-4202-a425-f85263947f05 3
rr_event 2e6cb5ee-b5e0-4202-a425-f85263947f05 3
rr_event 2e6cb5ee-b5e0-4202-a425-f85263947f05 3
rr_event 2e6cb5ee-b5e0-4202-a425-f85263947f05 3
rr_event 2e6cb5ee-b5e0-4202-a425-f85263947f05 3
rr_event 2e6cb5ee-b5e0-4202-a425-f85263947f05 3
rr_event 2e6cb5ee-b5e0-4202-a425-f85263947f05 3
rr_event 2e6cb5ee-b5e0-4202-a425-f85263947f05 3
rr_event 2e6cb5ee-b5e0-4202-a425-f85263947f05 3
rr_event 2e6cb5ee-b5e0-4202-a425-f85263947f05 3
rr_event 2e6cb5ee-b5e0-4202-a425-f85263947f05 3
rr_event 2e6cb5ee-b5e0-4202-a425-f85263947f05 3
rr_event 2e6cb5ee-b5e0-4202-a425-f85263947f05 3
rr_event 2e6cb5ee-b5e0-4202-a425-f85263947f05 3
rr_event 2e6cb5ee-b5e0-4202-a425-f85263947f05 3
rr_event 2e6cb5ee-b5e0-4202-a425-f85263947f05 3
rr_event 2e6cb5ee-b5e0-4202-a425-f85263947f05 3
rr_event 2e6cb5ee-b5e0-4202-a425-f85263947f05 3
rr_event 2e6cb5ee-b5e0-4202-a425-f85263947f05 3
rr_event 2e6cb5ee-b5e0-4202-a425-f85263947f05 3
rr_event 2e6cb5ee-b5e0-4202-a425-f85263947f05 3
rr_event 2e6cb5ee-b5e0-4202-a425-f85263947f05 3
rr_event 2e6cb5ee-b5e0-4202-a425-f85263947f05 3
rr_event 2e6cb5ee-b5e0-4202-a425-f85263947f05 3
rr_event 2e6cb5ee-b5e0-4202-a425-f85263947f05 3
rr_event 2e6cb5ee-b5e0-4202-a425-f85263947f05 3
rr_event 2e6cb5ee-b5e0-4202-a425-f85263947f05 3
rr_event 2e6cb5ee-b5e0-4202-a425-f85263947f05 3
rr_event 2e6cb5ee-b5e0-4202-a425-f85263947f05 3
rr_event 2e6cb5ee-b5e0-4202-a425-f85263947f05 3
rr_event 2e6cb5ee-b5e0-4202-a425-f85263947f05 3
rr_event 2e6cb5ee-b5e0-4202-a425-f85263947f05 3
rr_event 2e6cb5ee-b5e0-4202-a425-f85263947f05 3
rr_event 2e6cb5ee-b5e0-4202-a425-f85263947f05 3
rr_event 2e6cb5ee-b5e0-4202-a425-f85263947f05 3
rr_event 2e6cb5ee-b5e0-4202-a425-f85263947f05 3
rr_event 2e6cb5ee-b5e0-4202-a425-f85263947f05 3
rr_event 2e6cb5ee-b5e0-4202-a425-f85263947f05 3
rr_event 2e6cb5ee-b5e0-4202-a425-f85263947f05 3
rr_event 2e6cb5ee-b5e0-4202-a425-f85263947f05 3
rr_event 2e6cb5ee-b5e0-4202-a425-f85263947f05 3
rr_event 2e6cb5ee-b5e0-4202-a425-f85263947f05 3
rr_event 2e6cb5ee-b5e0-4202-a425-f85263947f05 3
rr_event 2e6cb5ee-b5e0-4202-a425-f85263947f05 3
rr_event 2e6cb5ee-b5e0-4202-a425-f85263947f05 3
rr_event 2e6cb5ee-b5e0-4202-a425-f85263947f05 3
rr_event 2e6cb5ee-b5e0-4202-a425-f85263947f05 3
rr_event 2e6cb5ee-b5e0-4202-a425-f85263947f05 3
rr_event 2e6cb5ee-b5e0-4202-a425-f85263947f05 3
rr_event 2e6cb5ee-b5e0-4202-a425-f85263947f05 3
rr_event 2e6cb5ee-b5e0-4202-a425-f85263947f05 3
rr_event 2e6cb5ee-b5e0-4202-a425-f85263947f05 3
socket connected: r-6NCm5z7uK-gJ3jAAAl
rr_event 19d0d40c-da8f-4222-afbf-75016a438040 4
socket disconnected r-6NCm5z7uK-gJ3jAAAl transport error
socket connected: FiVG_TnUAG54oY0pAAAn
rr_event 19d0d40c-da8f-4222-afbf-75016a438040 3
rr_event 19d0d40c-da8f-4222-afbf-75016a438040 3
rr_event 19d0d40c-da8f-4222-afbf-75016a438040 3
rr_event 19d0d40c-da8f-4222-afbf-75016a438040 3
rr_event 19d0d40c-da8f-4222-afbf-75016a438040 3
rr_event 19d0d40c-da8f-4222-afbf-75016a438040 3
rr_event 19d0d40c-da8f-4222-afbf-75016a438040 3
rr_event 19d0d40c-da8f-4222-afbf-75016a438040 3
rr_event 19d0d40c-da8f-4222-afbf-75016a438040 3
rr_event 19d0d40c-da8f-4222-afbf-75016a438040 3
rr_event 19d0d40c-da8f-4222-afbf-75016a438040 3
rr_event 19d0d40c-da8f-4222-afbf-75016a438040 3
rr_event 19d0d40c-da8f-4222-afbf-75016a438040 3
rr_event 19d0d40c-da8f-4222-afbf-75016a438040 3
rr_event 19d0d40c-da8f-4222-afbf-75016a438040 3
rr_event 19d0d40c-da8f-4222-afbf-75016a438040 3
rr_event 19d0d40c-da8f-4222-afbf-75016a438040 3
rr_event 19d0d40c-da8f-4222-afbf-75016a438040 3
rr_event 19d0d40c-da8f-4222-afbf-75016a438040 3
rr_event 19d0d40c-da8f-4222-afbf-75016a438040 3
auth attempt {
  session_name: '19d0d40c-da8f-4222-afbf-75016a438040',
  token: 'b962644c713747768c4b368e8a9ee888',
  role: 'target'
}
socket auth validated ok for 19d0d40c-da8f-4222-afbf-75016a438040
rr_event 19d0d40c-da8f-4222-afbf-75016a438040 3
rr_event 19d0d40c-da8f-4222-afbf-75016a438040 3
rr_event 19d0d40c-da8f-4222-afbf-75016a438040 3
rr_event 19d0d40c-da8f-4222-afbf-75016a438040 3
rr_event 19d0d40c-da8f-4222-afbf-75016a438040 3
rr_event 19d0d40c-da8f-4222-afbf-75016a438040 3
rr_event 19d0d40c-da8f-4222-afbf-75016a438040 3
rr_event 19d0d40c-da8f-4222-afbf-75016a438040 3
rr_event 19d0d40c-da8f-4222-afbf-75016a438040 3
rr_event 19d0d40c-da8f-4222-afbf-75016a438040 3
rr_event 19d0d40c-da8f-4222-afbf-75016a438040 3
rr_event 19d0d40c-da8f-4222-afbf-75016a438040 3
rr_event 19d0d40c-da8f-4222-afbf-75016a438040 3
rr_event 19d0d40c-da8f-4222-afbf-75016a438040 3
rr_event 19d0d40c-da8f-4222-afbf-75016a438040 3
rr_event 19d0d40c-da8f-4222-afbf-75016a438040 3
rr_event 19d0d40c-da8f-4222-afbf-75016a438040 3
rr_event 19d0d40c-da8f-4222-afbf-75016a438040 3
rr_event 19d0d40c-da8f-4222-afbf-75016a438040 3
rr_event 19d0d40c-da8f-4222-afbf-75016a438040 3
rr_event 19d0d40c-da8f-4222-afbf-75016a438040 3
rr_event 19d0d40c-da8f-4222-afbf-75016a438040 3
rr_event 19d0d40c-da8f-4222-afbf-75016a438040 3
rr_event 19d0d40c-da8f-4222-afbf-75016a438040 3
rr_event 19d0d40c-da8f-4222-afbf-75016a438040 3
rr_event 19d0d40c-da8f-4222-afbf-75016a438040 3
rr_event 19d0d40c-da8f-4222-afbf-75016a438040 3
rr_event 19d0d40c-da8f-4222-afbf-75016a438040 3
rr_event 19d0d40c-da8f-4222-afbf-75016a438040 3
rr_event 19d0d40c-da8f-4222-afbf-75016a438040 3
rr_event 19d0d40c-da8f-4222-afbf-75016a438040 3
rr_event 19d0d40c-da8f-4222-afbf-75016a438040 3
rr_event 19d0d40c-da8f-4222-afbf-75016a438040 3
rr_event 19d0d40c-da8f-4222-afbf-75016a438040 3
rr_event 19d0d40c-da8f-4222-afbf-75016a438040 3
rr_event 19d0d40c-da8f-4222-afbf-75016a438040 3
rr_event 19d0d40c-da8f-4222-afbf-75016a438040 3
rr_event 19d0d40c-da8f-4222-afbf-75016a438040 3
rr_event 19d0d40c-da8f-4222-afbf-75016a438040 3
rr_event 19d0d40c-da8f-4222-afbf-75016a438040 3
socket disconnected 9YzJLdpjAGsQQpQdAAAb transport close
socket disconnected re2thL2a6oIz4JzvAAAj transport close
socket disconnected bpq3tY11weTzIvJfAAAf transport close
socket disconnected FiVG_TnUAG54oY0pAAAn transport close
socket connected: LRZcuVlHMZ9bmP5SAAAp
rr_event 90abf692-b71a-49df-96a1-028ce8652411 4
socket disconnected LRZcuVlHMZ9bmP5SAAAp transport error
socket connected: MF83Sg1Vboo0YDfyAAAr
rr_event 90abf692-b71a-49df-96a1-028ce8652411 3
rr_event 90abf692-b71a-49df-96a1-028ce8652411 3
rr_event 90abf692-b71a-49df-96a1-028ce8652411 3
rr_event 90abf692-b71a-49df-96a1-028ce8652411 3
rr_event 90abf692-b71a-49df-96a1-028ce8652411 3
rr_event 90abf692-b71a-49df-96a1-028ce8652411 3
rr_event 90abf692-b71a-49df-96a1-028ce8652411 3
auth attempt {
  session_name: '90abf692-b71a-49df-96a1-028ce8652411',
  token: 'b46d8433ca1f4877a1bc84b04ece5cd1',
  role: 'target'
}
socket auth validated ok for 90abf692-b71a-49df-96a1-028ce8652411
rr_event 90abf692-b71a-49df-96a1-028ce8652411 3
rr_event 90abf692-b71a-49df-96a1-028ce8652411 3
rr_event 90abf692-b71a-49df-96a1-028ce8652411 3
rr_event 90abf692-b71a-49df-96a1-028ce8652411 3
rr_event 90abf692-b71a-49df-96a1-028ce8652411 3
rr_event 90abf692-b71a-49df-96a1-028ce8652411 3
rr_event 90abf692-b71a-49df-96a1-028ce8652411 3
rr_event 90abf692-b71a-49df-96a1-028ce8652411 3
rr_event 90abf692-b71a-49df-96a1-028ce8652411 3
rr_event 90abf692-b71a-49df-96a1-028ce8652411 3
rr_event 90abf692-b71a-49df-96a1-028ce8652411 3
rr_event 90abf692-b71a-49df-96a1-028ce8652411 3
rr_event 90abf692-b71a-49df-96a1-028ce8652411 3
rr_event 90abf692-b71a-49df-96a1-028ce8652411 3
rr_event 90abf692-b71a-49df-96a1-028ce8652411 3
rr_event 90abf692-b71a-49df-96a1-028ce8652411 3
rr_event 90abf692-b71a-49df-96a1-028ce8652411 3
rr_event 90abf692-b71a-49df-96a1-028ce8652411 3
rr_event 90abf692-b71a-49df-96a1-028ce8652411 3
rr_event 90abf692-b71a-49df-96a1-028ce8652411 3
rr_event 90abf692-b71a-49df-96a1-028ce8652411 3
rr_event 90abf692-b71a-49df-96a1-028ce8652411 3
rr_event 90abf692-b71a-49df-96a1-028ce8652411 3
rr_event 90abf692-b71a-49df-96a1-028ce8652411 3
rr_event 90abf692-b71a-49df-96a1-028ce8652411 3
rr_event 90abf692-b71a-49df-96a1-028ce8652411 3
rr_event 90abf692-b71a-49df-96a1-028ce8652411 3
rr_event 90abf692-b71a-49df-96a1-028ce8652411 3
rr_event 90abf692-b71a-49df-96a1-028ce8652411 3
rr_event 90abf692-b71a-49df-96a1-028ce8652411 3
rr_event 90abf692-b71a-49df-96a1-028ce8652411 3
rr_event 90abf692-b71a-49df-96a1-028ce8652411 3
rr_event 90abf692-b71a-49df-96a1-028ce8652411 3
rr_event 90abf692-b71a-49df-96a1-028ce8652411 3
rr_event 90abf692-b71a-49df-96a1-028ce8652411 3
rr_event 90abf692-b71a-49df-96a1-028ce8652411 3
rr_event 90abf692-b71a-49df-96a1-028ce8652411 3
rr_event 90abf692-b71a-49df-96a1-028ce8652411 3
rr_event 90abf692-b71a-49df-96a1-028ce8652411 3
rr_event 90abf692-b71a-49df-96a1-028ce8652411 3
rr_event 90abf692-b71a-49df-96a1-028ce8652411 3
rr_event 90abf692-b71a-49df-96a1-028ce8652411 3
rr_event 90abf692-b71a-49df-96a1-028ce8652411 3
rr_event 90abf692-b71a-49df-96a1-028ce8652411 3
rr_event 90abf692-b71a-49df-96a1-028ce8652411 3
rr_event 90abf692-b71a-49df-96a1-028ce8652411 3
rr_event 90abf692-b71a-49df-96a1-028ce8652411 3
rr_event 90abf692-b71a-49df-96a1-028ce8652411 3
rr_event 90abf692-b71a-49df-96a1-028ce8652411 3
rr_event 90abf692-b71a-49df-96a1-028ce8652411 3
rr_event 90abf692-b71a-49df-96a1-028ce8652411 3
rr_event 90abf692-b71a-49df-96a1-028ce8652411 3
rr_event 90abf692-b71a-49df-96a1-028ce8652411 3
rr_event 90abf692-b71a-49df-96a1-028ce8652411 3
rr_event 90abf692-b71a-49df-96a1-028ce8652411 3
rr_event 90abf692-b71a-49df-96a1-028ce8652411 3
rr_event 90abf692-b71a-49df-96a1-028ce8652411 3
rr_event 90abf692-b71a-49df-96a1-028ce8652411 3
rr_event 90abf692-b71a-49df-96a1-028ce8652411 3
rr_event 90abf692-b71a-49df-96a1-028ce8652411 3
rr_event 90abf692-b71a-49df-96a1-028ce8652411 3
rr_event 90abf692-b71a-49df-96a1-028ce8652411 3
rr_event 90abf692-b71a-49df-96a1-028ce8652411 3
rr_event 90abf692-b71a-49df-96a1-028ce8652411 3
rr_event 90abf692-b71a-49df-96a1-028ce8652411 3
rr_event 90abf692-b71a-49df-96a1-028ce8652411 3
rr_event 90abf692-b71a-49df-96a1-028ce8652411 3
rr_event 90abf692-b71a-49df-96a1-028ce8652411 3
rr_event 90abf692-b71a-49df-96a1-028ce8652411 3
rr_event 90abf692-b71a-49df-96a1-028ce8652411 3
rr_event 90abf692-b71a-49df-96a1-028ce8652411 3
rr_event 90abf692-b71a-49df-96a1-028ce8652411 3
rr_event 90abf692-b71a-49df-96a1-028ce8652411 3
rr_event 90abf692-b71a-49df-96a1-028ce8652411 3
rr_event 90abf692-b71a-49df-96a1-028ce8652411 3
rr_event 90abf692-b71a-49df-96a1-028ce8652411 3
rr_event 90abf692-b71a-49df-96a1-028ce8652411 3
rr_event 90abf692-b71a-49df-96a1-028ce8652411 3
rr_event 90abf692-b71a-49df-96a1-028ce8652411 3
rr_event 90abf692-b71a-49df-96a1-028ce8652411 3
rr_event 90abf692-b71a-49df-96a1-028ce8652411 3
rr_event 90abf692-b71a-49df-96a1-028ce8652411 3
rr_event 90abf692-b71a-49df-96a1-028ce8652411 3
rr_event 90abf692-b71a-49df-96a1-028ce8652411 3
rr_event 90abf692-b71a-49df-96a1-028ce8652411 3
rr_event 90abf692-b71a-49df-96a1-028ce8652411 3
rr_event 90abf692-b71a-49df-96a1-028ce8652411 3
rr_event 90abf692-b71a-49df-96a1-028ce8652411 3
socket connected: qlQpOitsDhYA7c-xAAAt
rr_event 9b3b8f2a-67ed-4600-bba2-8f99bb84de29 4
socket disconnected qlQpOitsDhYA7c-xAAAt transport error
socket connected: JOatBhVVAOn4zu7kAAAv
rr_event 9b3b8f2a-67ed-4600-bba2-8f99bb84de29 3
rr_event 9b3b8f2a-67ed-4600-bba2-8f99bb84de29 3
rr_event 9b3b8f2a-67ed-4600-bba2-8f99bb84de29 3
rr_event 9b3b8f2a-67ed-4600-bba2-8f99bb84de29 3
rr_event 9b3b8f2a-67ed-4600-bba2-8f99bb84de29 3
rr_event 9b3b8f2a-67ed-4600-bba2-8f99bb84de29 3
rr_event 9b3b8f2a-67ed-4600-bba2-8f99bb84de29 3
rr_event 9b3b8f2a-67ed-4600-bba2-8f99bb84de29 3
rr_event 9b3b8f2a-67ed-4600-bba2-8f99bb84de29 3
rr_event 9b3b8f2a-67ed-4600-bba2-8f99bb84de29 3
auth attempt {
  session_name: '9b3b8f2a-67ed-4600-bba2-8f99bb84de29',
  token: 'bc5e9c2405fd484ab920593cc917c424',
  role: 'target'
}
socket auth validated ok for 9b3b8f2a-67ed-4600-bba2-8f99bb84de29
rr_event 9b3b8f2a-67ed-4600-bba2-8f99bb84de29 3
rr_event 9b3b8f2a-67ed-4600-bba2-8f99bb84de29 3
rr_event 9b3b8f2a-67ed-4600-bba2-8f99bb84de29 3
rr_event 9b3b8f2a-67ed-4600-bba2-8f99bb84de29 3
rr_event 9b3b8f2a-67ed-4600-bba2-8f99bb84de29 3
rr_event 9b3b8f2a-67ed-4600-bba2-8f99bb84de29 3
rr_event 9b3b8f2a-67ed-4600-bba2-8f99bb84de29 3
rr_event 9b3b8f2a-67ed-4600-bba2-8f99bb84de29 3
rr_event 9b3b8f2a-67ed-4600-bba2-8f99bb84de29 3
rr_event 9b3b8f2a-67ed-4600-bba2-8f99bb84de29 3
rr_event 9b3b8f2a-67ed-4600-bba2-8f99bb84de29 3
rr_event 9b3b8f2a-67ed-4600-bba2-8f99bb84de29 3
rr_event 9b3b8f2a-67ed-4600-bba2-8f99bb84de29 3
rr_event 9b3b8f2a-67ed-4600-bba2-8f99bb84de29 3
rr_event 9b3b8f2a-67ed-4600-bba2-8f99bb84de29 3
rr_event 9b3b8f2a-67ed-4600-bba2-8f99bb84de29 3
rr_event 9b3b8f2a-67ed-4600-bba2-8f99bb84de29 3
rr_event 9b3b8f2a-67ed-4600-bba2-8f99bb84de29 3
rr_event 9b3b8f2a-67ed-4600-bba2-8f99bb84de29 3
rr_event 9b3b8f2a-67ed-4600-bba2-8f99bb84de29 3
rr_event 9b3b8f2a-67ed-4600-bba2-8f99bb84de29 3
rr_event 9b3b8f2a-67ed-4600-bba2-8f99bb84de29 3
rr_event 9b3b8f2a-67ed-4600-bba2-8f99bb84de29 3
rr_event 9b3b8f2a-67ed-4600-bba2-8f99bb84de29 3
rr_event 9b3b8f2a-67ed-4600-bba2-8f99bb84de29 3
rr_event 9b3b8f2a-67ed-4600-bba2-8f99bb84de29 3
rr_event 9b3b8f2a-67ed-4600-bba2-8f99bb84de29 3
rr_event 9b3b8f2a-67ed-4600-bba2-8f99bb84de29 3
rr_event 9b3b8f2a-67ed-4600-bba2-8f99bb84de29 3
rr_event 9b3b8f2a-67ed-4600-bba2-8f99bb84de29 3
rr_event 9b3b8f2a-67ed-4600-bba2-8f99bb84de29 3
rr_event 9b3b8f2a-67ed-4600-bba2-8f99bb84de29 3
rr_event 9b3b8f2a-67ed-4600-bba2-8f99bb84de29 3
rr_event 9b3b8f2a-67ed-4600-bba2-8f99bb84de29 3
rr_event 9b3b8f2a-67ed-4600-bba2-8f99bb84de29 3
rr_event 9b3b8f2a-67ed-4600-bba2-8f99bb84de29 3
rr_event 9b3b8f2a-67ed-4600-bba2-8f99bb84de29 3
rr_event 9b3b8f2a-67ed-4600-bba2-8f99bb84de29 3
rr_event 9b3b8f2a-67ed-4600-bba2-8f99bb84de29 3
rr_event 9b3b8f2a-67ed-4600-bba2-8f99bb84de29 3
rr_event 9b3b8f2a-67ed-4600-bba2-8f99bb84de29 3
rr_event 9b3b8f2a-67ed-4600-bba2-8f99bb84de29 3
rr_event 9b3b8f2a-67ed-4600-bba2-8f99bb84de29 3
rr_event 9b3b8f2a-67ed-4600-bba2-8f99bb84de29 3
rr_event 9b3b8f2a-67ed-4600-bba2-8f99bb84de29 3
rr_event 9b3b8f2a-67ed-4600-bba2-8f99bb84de29 3
rr_event 9b3b8f2a-67ed-4600-bba2-8f99bb84de29 3
rr_event 9b3b8f2a-67ed-4600-bba2-8f99bb84de29 3
rr_event 9b3b8f2a-67ed-4600-bba2-8f99bb84de29 3
rr_event 9b3b8f2a-67ed-4600-bba2-8f99bb84de29 3
rr_event 9b3b8f2a-67ed-4600-bba2-8f99bb84de29 3
rr_event 9b3b8f2a-67ed-4600-bba2-8f99bb84de29 3
rr_event 9b3b8f2a-67ed-4600-bba2-8f99bb84de29 3
rr_event 9b3b8f2a-67ed-4600-bba2-8f99bb84de29 3
rr_event 9b3b8f2a-67ed-4600-bba2-8f99bb84de29 3
rr_event 9b3b8f2a-67ed-4600-bba2-8f99bb84de29 3
rr_event 9b3b8f2a-67ed-4600-bba2-8f99bb84de29 3
rr_event 9b3b8f2a-67ed-4600-bba2-8f99bb84de29 3
rr_event 9b3b8f2a-67ed-4600-bba2-8f99bb84de29 3
rr_event 9b3b8f2a-67ed-4600-bba2-8f99bb84de29 3
rr_event 9b3b8f2a-67ed-4600-bba2-8f99bb84de29 3
rr_event 9b3b8f2a-67ed-4600-bba2-8f99bb84de29 3
rr_event 9b3b8f2a-67ed-4600-bba2-8f99bb84de29 3
rr_event 9b3b8f2a-67ed-4600-bba2-8f99bb84de29 3
rr_event 9b3b8f2a-67ed-4600-bba2-8f99bb84de29 3
rr_event 9b3b8f2a-67ed-4600-bba2-8f99bb84de29 3
rr_event 9b3b8f2a-67ed-4600-bba2-8f99bb84de29 3
rr_event 9b3b8f2a-67ed-4600-bba2-8f99bb84de29 3
rr_event 9b3b8f2a-67ed-4600-bba2-8f99bb84de29 3
rr_event 9b3b8f2a-67ed-4600-bba2-8f99bb84de29 3
rr_event 9b3b8f2a-67ed-4600-bba2-8f99bb84de29 3
rr_event 9b3b8f2a-67ed-4600-bba2-8f99bb84de29 3
socket connected: TbiOuQQGINX4aUhTAAAx
rr_event 0fc26911-848a-423d-823f-79965d63c131 4
socket disconnected TbiOuQQGINX4aUhTAAAx transport error
socket connected: Y9kK8EJeF1LBbzEZAAAz
rr_event 0fc26911-848a-423d-823f-79965d63c131 3
rr_event 0fc26911-848a-423d-823f-79965d63c131 3
rr_event 0fc26911-848a-423d-823f-79965d63c131 3
rr_event 0fc26911-848a-423d-823f-79965d63c131 3
rr_event 0fc26911-848a-423d-823f-79965d63c131 3
rr_event 0fc26911-848a-423d-823f-79965d63c131 3
rr_event 0fc26911-848a-423d-823f-79965d63c131 3
rr_event 0fc26911-848a-423d-823f-79965d63c131 3
rr_event 0fc26911-848a-423d-823f-79965d63c131 3
rr_event 0fc26911-848a-423d-823f-79965d63c131 3
rr_event 0fc26911-848a-423d-823f-79965d63c131 3
rr_event 0fc26911-848a-423d-823f-79965d63c131 3
rr_event 0fc26911-848a-423d-823f-79965d63c131 3
rr_event 0fc26911-848a-423d-823f-79965d63c131 3
rr_event 0fc26911-848a-423d-823f-79965d63c131 3
rr_event 0fc26911-848a-423d-823f-79965d63c131 3
auth attempt {
  session_name: '0fc26911-848a-423d-823f-79965d63c131',
  token: '2e1e8628271c4c5898d32c45eae84eac',
  role: 'target'
}
rr_event 0fc26911-848a-423d-823f-79965d63c131 3
rr_event 0fc26911-848a-423d-823f-79965d63c131 3
socket auth validated ok for 0fc26911-848a-423d-823f-79965d63c131
rr_event 0fc26911-848a-423d-823f-79965d63c131 3
rr_event 0fc26911-848a-423d-823f-79965d63c131 3
rr_event 0fc26911-848a-423d-823f-79965d63c131 3
rr_event 0fc26911-848a-423d-823f-79965d63c131 3
rr_event 0fc26911-848a-423d-823f-79965d63c131 3
rr_event 0fc26911-848a-423d-823f-79965d63c131 3
rr_event 0fc26911-848a-423d-823f-79965d63c131 3
rr_event 0fc26911-848a-423d-823f-79965d63c131 3
rr_event 0fc26911-848a-423d-823f-79965d63c131 3
rr_event 0fc26911-848a-423d-823f-79965d63c131 3
rr_event 0fc26911-848a-423d-823f-79965d63c131 3
rr_event 0fc26911-848a-423d-823f-79965d63c131 3
rr_event 0fc26911-848a-423d-823f-79965d63c131 3
rr_event 0fc26911-848a-423d-823f-79965d63c131 3
rr_event 0fc26911-848a-423d-823f-79965d63c131 3
rr_event 0fc26911-848a-423d-823f-79965d63c131 3
rr_event 0fc26911-848a-423d-823f-79965d63c131 3
rr_event 0fc26911-848a-423d-823f-79965d63c131 3
rr_event 0fc26911-848a-423d-823f-79965d63c131 3
rr_event 0fc26911-848a-423d-823f-79965d63c131 3
rr_event 0fc26911-848a-423d-823f-79965d63c131 3
rr_event 0fc26911-848a-423d-823f-79965d63c131 3
rr_event 0fc26911-848a-423d-823f-79965d63c131 3
rr_event 0fc26911-848a-423d-823f-79965d63c131 3
rr_event 0fc26911-848a-423d-823f-79965d63c131 3
rr_event 0fc26911-848a-423d-823f-79965d63c131 3
rr_event 0fc26911-848a-423d-823f-79965d63c131 3
rr_event 0fc26911-848a-423d-823f-79965d63c131 3
rr_event 0fc26911-848a-423d-823f-79965d63c131 3
rr_event 0fc26911-848a-423d-823f-79965d63c131 3
rr_event 0fc26911-848a-423d-823f-79965d63c131 3
rr_event 0fc26911-848a-423d-823f-79965d63c131 3
rr_event 0fc26911-848a-423d-823f-79965d63c131 3
rr_event 0fc26911-848a-423d-823f-79965d63c131 3
rr_event 0fc26911-848a-423d-823f-79965d63c131 3
rr_event 0fc26911-848a-423d-823f-79965d63c131 3
rr_event 0fc26911-848a-423d-823f-79965d63c131 3
rr_event 0fc26911-848a-423d-823f-79965d63c131 3
rr_event 0fc26911-848a-423d-823f-79965d63c131 3
rr_event 0fc26911-848a-423d-823f-79965d63c131 3
rr_event 0fc26911-848a-423d-823f-79965d63c131 3
rr_event 0fc26911-848a-423d-823f-79965d63c131 3
rr_event 0fc26911-848a-423d-823f-79965d63c131 3
rr_event 0fc26911-848a-423d-823f-79965d63c131 3
rr_event 0fc26911-848a-423d-823f-79965d63c131 3
rr_event 0fc26911-848a-423d-823f-79965d63c131 3
rr_event 0fc26911-848a-423d-823f-79965d63c131 3
rr_event 0fc26911-848a-423d-823f-79965d63c131 3
rr_event 0fc26911-848a-423d-823f-79965d63c131 3
rr_event 0fc26911-848a-423d-823f-79965d63c131 3
rr_event 0fc26911-848a-423d-823f-79965d63c131 3
rr_event 0fc26911-848a-423d-823f-79965d63c131 3
rr_event 0fc26911-848a-423d-823f-79965d63c131 3
rr_event 0fc26911-848a-423d-823f-79965d63c131 3
rr_event 0fc26911-848a-423d-823f-79965d63c131 3
rr_event 0fc26911-848a-423d-823f-79965d63c131 3
rr_event 0fc26911-848a-423d-823f-79965d63c131 3
rr_event 0fc26911-848a-423d-823f-79965d63c131 3
rr_event 0fc26911-848a-423d-823f-79965d63c131 3
rr_event 0fc26911-848a-423d-823f-79965d63c131 3
rr_event 0fc26911-848a-423d-823f-79965d63c131 3
rr_event 0fc26911-848a-423d-823f-79965d63c131 3
rr_event 0fc26911-848a-423d-823f-79965d63c131 3
rr_event 0fc26911-848a-423d-823f-79965d63c131 3
rr_event 0fc26911-848a-423d-823f-79965d63c131 3
rr_event 0fc26911-848a-423d-823f-79965d63c131 3
rr_event 0fc26911-848a-423d-823f-79965d63c131 3
rr_event 0fc26911-848a-423d-823f-79965d63c131 3
rr_event 0fc26911-848a-423d-823f-79965d63c131 3
rr_event 0fc26911-848a-423d-823f-79965d63c131 3
rr_event 0fc26911-848a-423d-823f-79965d63c131 3
rr_event 0fc26911-848a-423d-823f-79965d63c131 3
rr_event 0fc26911-848a-423d-823f-79965d63c131 3
rr_event 0fc26911-848a-423d-823f-79965d63c131 3
rr_event 0fc26911-848a-423d-823f-79965d63c131 3
rr_event 0fc26911-848a-423d-823f-79965d63c131 3
rr_event 0fc26911-848a-423d-823f-79965d63c131 3
rr_event 0fc26911-848a-423d-823f-79965d63c131 3
rr_event 0fc26911-848a-423d-823f-79965d63c131 3
rr_event 0fc26911-848a-423d-823f-79965d63c131 3
rr_event 0fc26911-848a-423d-823f-79965d63c131 3
rr_event 0fc26911-848a-423d-823f-79965d63c131 3
rr_event 0fc26911-848a-423d-823f-79965d63c131 3
rr_event 0fc26911-848a-423d-823f-79965d63c131 3
rr_event 0fc26911-848a-423d-823f-79965d63c131 3
rr_event 0fc26911-848a-423d-823f-79965d63c131 3
rr_event 0fc26911-848a-423d-823f-79965d63c131 3
rr_event 0fc26911-848a-423d-823f-79965d63c131 3
rr_event 0fc26911-848a-423d-823f-79965d63c131 3
rr_event 0fc26911-848a-423d-823f-79965d63c131 3
rr_event 0fc26911-848a-423d-823f-79965d63c131 3
rr_event 0fc26911-848a-423d-823f-79965d63c131 3
rr_event 0fc26911-848a-423d-823f-79965d63c131 3
rr_event 0fc26911-848a-423d-823f-79965d63c131 3
rr_event 0fc26911-848a-423d-823f-79965d63c131 3
rr_event 0fc26911-848a-423d-823f-79965d63c131 3
rr_event 0fc26911-848a-423d-823f-79965d63c131 3
rr_event 0fc26911-848a-423d-823f-79965d63c131 3
rr_event 0fc26911-848a-423d-823f-79965d63c131 3
rr_event 0fc26911-848a-423d-823f-79965d63c131 3
rr_event 0fc26911-848a-423d-823f-79965d63c131 3
rr_event 0fc26911-848a-423d-823f-79965d63c131 3
rr_event 0fc26911-848a-423d-823f-79965d63c131 3
rr_event 0fc26911-848a-423d-823f-79965d63c131 3
rr_event 0fc26911-848a-423d-823f-79965d63c131 3
rr_event 0fc26911-848a-423d-823f-79965d63c131 3
rr_event 0fc26911-848a-423d-823f-79965d63c131 3
rr_event 0fc26911-848a-423d-823f-79965d63c131 3
rr_event 0fc26911-848a-423d-823f-79965d63c131 3
rr_event 0fc26911-848a-423d-823f-79965d63c131 3
rr_event 0fc26911-848a-423d-823f-79965d63c131 3
rr_event 0fc26911-848a-423d-823f-79965d63c131 3
rr_event 0fc26911-848a-423d-823f-79965d63c131 3
rr_event 0fc26911-848a-423d-823f-79965d63c131 3
rr_event 0fc26911-848a-423d-823f-79965d63c131 3
rr_event 0fc26911-848a-423d-823f-79965d63c131 3
rr_event 0fc26911-848a-423d-823f-79965d63c131 3
rr_event 0fc26911-848a-423d-823f-79965d63c131 3
rr_event 0fc26911-848a-423d-823f-79965d63c131 3
rr_event 0fc26911-848a-423d-823f-79965d63c131 3
rr_event 0fc26911-848a-423d-823f-79965d63c131 3
rr_event 0fc26911-848a-423d-823f-79965d63c131 3
rr_event 0fc26911-848a-423d-823f-79965d63c131 3
rr_event 0fc26911-848a-423d-823f-79965d63c131 3
rr_event 0fc26911-848a-423d-823f-79965d63c131 3
rr_event 0fc26911-848a-423d-823f-79965d63c131 3
rr_event 0fc26911-848a-423d-823f-79965d63c131 3
rr_event 0fc26911-848a-423d-823f-79965d63c131 3
rr_event 0fc26911-848a-423d-823f-79965d63c131 3
rr_event 0fc26911-848a-423d-823f-79965d63c131 3
rr_event 0fc26911-848a-423d-823f-79965d63c131 3
rr_event 0fc26911-848a-423d-823f-79965d63c131 3
rr_event 0fc26911-848a-423d-823f-79965d63c131 3
rr_event 0fc26911-848a-423d-823f-79965d63c131 3
rr_event 0fc26911-848a-423d-823f-79965d63c131 3
rr_event 0fc26911-848a-423d-823f-79965d63c131 3
rr_event 0fc26911-848a-423d-823f-79965d63c131 3
rr_event 0fc26911-848a-423d-823f-79965d63c131 3
rr_event 0fc26911-848a-423d-823f-79965d63c131 3
rr_event 0fc26911-848a-423d-823f-79965d63c131 3
rr_event 0fc26911-848a-423d-823f-79965d63c131 3
rr_event 0fc26911-848a-423d-823f-79965d63c131 3
rr_event 0fc26911-848a-423d-823f-79965d63c131 3
rr_event 0fc26911-848a-423d-823f-79965d63c131 3
rr_event 0fc26911-848a-423d-823f-79965d63c131 3
rr_event 0fc26911-848a-423d-823f-79965d63c131 3
rr_event 0fc26911-848a-423d-823f-79965d63c131 3
rr_event 0fc26911-848a-423d-823f-79965d63c131 3
rr_event 0fc26911-848a-423d-823f-79965d63c131 3
rr_event 0fc26911-848a-423d-823f-79965d63c131 3
rr_event 0fc26911-848a-423d-823f-79965d63c131 3
rr_event 0fc26911-848a-423d-823f-79965d63c131 3
rr_event 0fc26911-848a-423d-823f-79965d63c131 3
rr_event 0fc26911-848a-423d-823f-79965d63c131 3
rr_event 0fc26911-848a-423d-823f-79965d63c131 3
rr_event 0fc26911-848a-423d-823f-79965d63c131 3
rr_event 0fc26911-848a-423d-823f-79965d63c131 3
rr_event 0fc26911-848a-423d-823f-79965d63c131 3
rr_event 0fc26911-848a-423d-823f-79965d63c131 3
rr_event 0fc26911-848a-423d-823f-79965d63c131 3
rr_event 0fc26911-848a-423d-823f-79965d63c131 3
rr_event 0fc26911-848a-423d-823f-79965d63c131 3
rr_event 0fc26911-848a-423d-823f-79965d63c131 3
rr_event 0fc26911-848a-423d-823f-79965d63c131 3
rr_event 0fc26911-848a-423d-823f-79965d63c131 3
rr_event 0fc26911-848a-423d-823f-79965d63c131 3
rr_event 0fc26911-848a-423d-823f-79965d63c131 3
rr_event 0fc26911-848a-423d-823f-79965d63c131 3
rr_event 0fc26911-848a-423d-823f-79965d63c131 3
rr_event 0fc26911-848a-423d-823f-79965d63c131 3
rr_event 0fc26911-848a-423d-823f-79965d63c131 3
rr_event 0fc26911-848a-423d-823f-79965d63c131 3
rr_event 0fc26911-848a-423d-823f-79965d63c131 3
rr_event 0fc26911-848a-423d-823f-79965d63c131 3
rr_event 0fc26911-848a-423d-823f-79965d63c131 3
rr_event 0fc26911-848a-423d-823f-79965d63c131 3
rr_event 0fc26911-848a-423d-823f-79965d63c131 3
rr_event 0fc26911-848a-423d-823f-79965d63c131 3
rr_event 0fc26911-848a-423d-823f-79965d63c131 3
rr_event 0fc26911-848a-423d-823f-79965d63c131 3
rr_event 0fc26911-848a-423d-823f-79965d63c131 3
rr_event 0fc26911-848a-423d-823f-79965d63c131 3
rr_event 0fc26911-848a-423d-823f-79965d63c131 3
rr_event 0fc26911-848a-423d-823f-79965d63c131 3
rr_event 0fc26911-848a-423d-823f-79965d63c131 3
rr_event 0fc26911-848a-423d-823f-79965d63c131 3
rr_event 0fc26911-848a-423d-823f-79965d63c131 3
rr_event 0fc26911-848a-423d-823f-79965d63c131 3
rr_event 0fc26911-848a-423d-823f-79965d63c131 3
rr_event 0fc26911-848a-423d-823f-79965d63c131 3
rr_event 0fc26911-848a-423d-823f-79965d63c131 3
rr_event 0fc26911-848a-423d-823f-79965d63c131 3
rr_event 0fc26911-848a-423d-823f-79965d63c131 3
rr_event 0fc26911-848a-423d-823f-79965d63c131 3
rr_event 0fc26911-848a-423d-823f-79965d63c131 3
rr_event 0fc26911-848a-423d-823f-79965d63c131 3
rr_event 0fc26911-848a-423d-823f-79965d63c131 3
rr_event 0fc26911-848a-423d-823f-79965d63c131 3
rr_event 0fc26911-848a-423d-823f-79965d63c131 3
rr_event 0fc26911-848a-423d-823f-79965d63c131 3
rr_event 0fc26911-848a-423d-823f-79965d63c131 3
rr_event 0fc26911-848a-423d-823f-79965d63c131 3
rr_event 0fc26911-848a-423d-823f-79965d63c131 3
rr_event 0fc26911-848a-423d-823f-79965d63c131 3
rr_event 0fc26911-848a-423d-823f-79965d63c131 3
rr_event 0fc26911-848a-423d-823f-79965d63c131 3
rr_event 0fc26911-848a-423d-823f-79965d63c131 3
rr_event 0fc26911-848a-423d-823f-79965d63c131 3
rr_event 0fc26911-848a-423d-823f-79965d63c131 3
rr_event 0fc26911-848a-423d-823f-79965d63c131 3
rr_event 0fc26911-848a-423d-823f-79965d63c131 3
rr_event 0fc26911-848a-423d-823f-79965d63c131 3
rr_event 0fc26911-848a-423d-823f-79965d63c131 3
rr_event 0fc26911-848a-423d-823f-79965d63c131 3
rr_event 0fc26911-848a-423d-823f-79965d63c131 3
rr_event 0fc26911-848a-423d-823f-79965d63c131 3
rr_event 0fc26911-848a-423d-823f-79965d63c131 3
rr_event 0fc26911-848a-423d-823f-79965d63c131 3
rr_event 0fc26911-848a-423d-823f-79965d63c131 3
rr_event 0fc26911-848a-423d-823f-79965d63c131 3
rr_event 0fc26911-848a-423d-823f-79965d63c131 3
rr_event 0fc26911-848a-423d-823f-79965d63c131 3
rr_event 0fc26911-848a-423d-823f-79965d63c131 3
rr_event 0fc26911-848a-423d-823f-79965d63c131 3
rr_event 0fc26911-848a-423d-823f-79965d63c131 3
rr_event 0fc26911-848a-423d-823f-79965d63c131 3
rr_event 0fc26911-848a-423d-823f-79965d63c131 3
rr_event 0fc26911-848a-423d-823f-79965d63c131 3
rr_event 0fc26911-848a-423d-823f-79965d63c131 3
rr_event 0fc26911-848a-423d-823f-79965d63c131 3
rr_event 0fc26911-848a-423d-823f-79965d63c131 3
rr_event 0fc26911-848a-423d-823f-79965d63c131 3
rr_event 0fc26911-848a-423d-823f-79965d63c131 3
rr_event 0fc26911-848a-423d-823f-79965d63c131 3
rr_event 0fc26911-848a-423d-823f-79965d63c131 3
rr_event 0fc26911-848a-423d-823f-79965d63c131 3
rr_event 0fc26911-848a-423d-823f-79965d63c131 3
rr_event 0fc26911-848a-423d-823f-79965d63c131 3
rr_event 0fc26911-848a-423d-823f-79965d63c131 3
rr_event 0fc26911-848a-423d-823f-79965d63c131 3
rr_event 0fc26911-848a-423d-823f-79965d63c131 3
rr_event 0fc26911-848a-423d-823f-79965d63c131 3
rr_event 0fc26911-848a-423d-823f-79965d63c131 3
rr_event 0fc26911-848a-423d-823f-79965d63c131 3
rr_event 0fc26911-848a-423d-823f-79965d63c131 3
rr_event 0fc26911-848a-423d-823f-79965d63c131 3
rr_event 0fc26911-848a-423d-823f-79965d63c131 3
rr_event 0fc26911-848a-423d-823f-79965d63c131 3
rr_event 0fc26911-848a-423d-823f-79965d63c131 3
rr_event 0fc26911-848a-423d-823f-79965d63c131 3
rr_event 0fc26911-848a-423d-823f-79965d63c131 3
rr_event 0fc26911-848a-423d-823f-79965d63c131 3
rr_event 0fc26911-848a-423d-823f-79965d63c131 3
rr_event 0fc26911-848a-423d-823f-79965d63c131 3
rr_event 0fc26911-848a-423d-823f-79965d63c131 3
rr_event 0fc26911-848a-423d-823f-79965d63c131 3
rr_event 0fc26911-848a-423d-823f-79965d63c131 3
rr_event 0fc26911-848a-423d-823f-79965d63c131 3
rr_event 0fc26911-848a-423d-823f-79965d63c131 3
rr_event 0fc26911-848a-423d-823f-79965d63c131 3
rr_event 0fc26911-848a-423d-823f-79965d63c131 3
rr_event 0fc26911-848a-423d-823f-79965d63c131 3
rr_event 0fc26911-848a-423d-823f-79965d63c131 3
rr_event 0fc26911-848a-423d-823f-79965d63c131 3
rr_event 0fc26911-848a-423d-823f-79965d63c131 3
rr_event 0fc26911-848a-423d-823f-79965d63c131 3
rr_event 0fc26911-848a-423d-823f-79965d63c131 3
rr_event 0fc26911-848a-423d-823f-79965d63c131 3
rr_event 0fc26911-848a-423d-823f-79965d63c131 3
rr_event 0fc26911-848a-423d-823f-79965d63c131 3
rr_event 0fc26911-848a-423d-823f-79965d63c131 3
rr_event 0fc26911-848a-423d-823f-79965d63c131 3
rr_event 0fc26911-848a-423d-823f-79965d63c131 3
rr_event 0fc26911-848a-423d-823f-79965d63c131 3
rr_event 0fc26911-848a-423d-823f-79965d63c131 3
rr_event 0fc26911-848a-423d-823f-79965d63c131 3
rr_event 0fc26911-848a-423d-823f-79965d63c131 3
rr_event 0fc26911-848a-423d-823f-79965d63c131 3
rr_event 0fc26911-848a-423d-823f-79965d63c131 3
rr_event 0fc26911-848a-423d-823f-79965d63c131 3
rr_event 0fc26911-848a-423d-823f-79965d63c131 3
rr_event 0fc26911-848a-423d-823f-79965d63c131 3
rr_event 0fc26911-848a-423d-823f-79965d63c131 3
rr_event 0fc26911-848a-423d-823f-79965d63c131 3
rr_event 0fc26911-848a-423d-823f-79965d63c131 3
rr_event 0fc26911-848a-423d-823f-79965d63c131 3
rr_event 0fc26911-848a-423d-823f-79965d63c131 3
rr_event 0fc26911-848a-423d-823f-79965d63c131 3
rr_event 0fc26911-848a-423d-823f-79965d63c131 3
rr_event 0fc26911-848a-423d-823f-79965d63c131 3
rr_event 0fc26911-848a-423d-823f-79965d63c131 3
rr_event 0fc26911-848a-423d-823f-79965d63c131 3
rr_event 0fc26911-848a-423d-823f-79965d63c131 3
rr_event 0fc26911-848a-423d-823f-79965d63c131 3
rr_event 0fc26911-848a-423d-823f-79965d63c131 3
rr_event 0fc26911-848a-423d-823f-79965d63c131 3
rr_event 0fc26911-848a-423d-823f-79965d63c131 3
rr_event 0fc26911-848a-423d-823f-79965d63c131 3
rr_event 0fc26911-848a-423d-823f-79965d63c131 3
rr_event 0fc26911-848a-423d-823f-79965d63c131 3
rr_event 0fc26911-848a-423d-823f-79965d63c131 3
rr_event 0fc26911-848a-423d-823f-79965d63c131 3
rr_event 0fc26911-848a-423d-823f-79965d63c131 3
rr_event 0fc26911-848a-423d-823f-79965d63c131 3
rr_event 0fc26911-848a-423d-823f-79965d63c131 3
rr_event 0fc26911-848a-423d-823f-79965d63c131 3
rr_event 0fc26911-848a-423d-823f-79965d63c131 3
rr_event 0fc26911-848a-423d-823f-79965d63c131 3
rr_event 0fc26911-848a-423d-823f-79965d63c131 3
rr_event 0fc26911-848a-423d-823f-79965d63c131 3
rr_event 0fc26911-848a-423d-823f-79965d63c131 3
rr_event 0fc26911-848a-423d-823f-79965d63c131 3
rr_event 0fc26911-848a-423d-823f-79965d63c131 3
rr_event 0fc26911-848a-423d-823f-79965d63c131 3
rr_event 0fc26911-848a-423d-823f-79965d63c131 3
rr_event 0fc26911-848a-423d-823f-79965d63c131 3
rr_event 0fc26911-848a-423d-823f-79965d63c131 3
rr_event 0fc26911-848a-423d-823f-79965d63c131 3
rr_event 0fc26911-848a-423d-823f-79965d63c131 3
rr_event 0fc26911-848a-423d-823f-79965d63c131 3
rr_event 0fc26911-848a-423d-823f-79965d63c131 3
rr_event 0fc26911-848a-423d-823f-79965d63c131 3
rr_event 0fc26911-848a-423d-823f-79965d63c131 3
rr_event 0fc26911-848a-423d-823f-79965d63c131 3
rr_event 0fc26911-848a-423d-823f-79965d63c131 3
rr_event 0fc26911-848a-423d-823f-79965d63c131 3
rr_event 0fc26911-848a-423d-823f-79965d63c131 3
rr_event 0fc26911-848a-423d-823f-79965d63c131 3
rr_event 0fc26911-848a-423d-823f-79965d63c131 3
rr_event 0fc26911-848a-423d-823f-79965d63c131 3
rr_event 0fc26911-848a-423d-823f-79965d63c131 3
rr_event 0fc26911-848a-423d-823f-79965d63c131 3
rr_event 0fc26911-848a-423d-823f-79965d63c131 3
rr_event 0fc26911-848a-423d-823f-79965d63c131 3
rr_event 0fc26911-848a-423d-823f-79965d63c131 3
rr_event 0fc26911-848a-423d-823f-79965d63c131 3
rr_event 0fc26911-848a-423d-823f-79965d63c131 3
rr_event 0fc26911-848a-423d-823f-79965d63c131 3
rr_event 0fc26911-848a-423d-823f-79965d63c131 3
rr_event 0fc26911-848a-423d-823f-79965d63c131 3
rr_event 0fc26911-848a-423d-823f-79965d63c131 3
rr_event 0fc26911-848a-423d-823f-79965d63c131 3
rr_event 0fc26911-848a-423d-823f-79965d63c131 3
rr_event 0fc26911-848a-423d-823f-79965d63c131 3
rr_event 0fc26911-848a-423d-823f-79965d63c131 3
rr_event 0fc26911-848a-423d-823f-79965d63c131 3
rr_event 0fc26911-848a-423d-823f-79965d63c131 3
rr_event 0fc26911-848a-423d-823f-79965d63c131 3
rr_event 0fc26911-848a-423d-823f-79965d63c131 3
rr_event 0fc26911-848a-423d-823f-79965d63c131 3
rr_event 0fc26911-848a-423d-823f-79965d63c131 3
rr_event 0fc26911-848a-423d-823f-79965d63c131 3
rr_event 0fc26911-848a-423d-823f-79965d63c131 3
rr_event 0fc26911-848a-423d-823f-79965d63c131 3
rr_event 0fc26911-848a-423d-823f-79965d63c131 3
rr_event 0fc26911-848a-423d-823f-79965d63c131 3
rr_event 0fc26911-848a-423d-823f-79965d63c131 3
rr_event 0fc26911-848a-423d-823f-79965d63c131 3
rr_event 0fc26911-848a-423d-823f-79965d63c131 3
rr_event 0fc26911-848a-423d-823f-79965d63c131 3
rr_event 0fc26911-848a-423d-823f-79965d63c131 3
rr_event 0fc26911-848a-423d-823f-79965d63c131 3
rr_event 0fc26911-848a-423d-823f-79965d63c131 3
rr_event 0fc26911-848a-423d-823f-79965d63c131 3
rr_event 0fc26911-848a-423d-823f-79965d63c131 3
rr_event 0fc26911-848a-423d-823f-79965d63c131 3
socket connected: x3qReO6Dh-W75tKoAAA1
rr_event c7af2bcd-e99f-4e91-a9c4-e041bcc534e0 4
socket disconnected x3qReO6Dh-W75tKoAAA1 transport error
socket connected: zOztewQLrg0OQZ4hAAA3
rr_event c7af2bcd-e99f-4e91-a9c4-e041bcc534e0 3
rr_event c7af2bcd-e99f-4e91-a9c4-e041bcc534e0 3
rr_event c7af2bcd-e99f-4e91-a9c4-e041bcc534e0 3
rr_event c7af2bcd-e99f-4e91-a9c4-e041bcc534e0 3
rr_event c7af2bcd-e99f-4e91-a9c4-e041bcc534e0 3
rr_event c7af2bcd-e99f-4e91-a9c4-e041bcc534e0 3
rr_event c7af2bcd-e99f-4e91-a9c4-e041bcc534e0 3
rr_event c7af2bcd-e99f-4e91-a9c4-e041bcc534e0 3
rr_event c7af2bcd-e99f-4e91-a9c4-e041bcc534e0 3
rr_event c7af2bcd-e99f-4e91-a9c4-e041bcc534e0 3
rr_event c7af2bcd-e99f-4e91-a9c4-e041bcc534e0 3
rr_event c7af2bcd-e99f-4e91-a9c4-e041bcc534e0 3
rr_event c7af2bcd-e99f-4e91-a9c4-e041bcc534e0 3
rr_event c7af2bcd-e99f-4e91-a9c4-e041bcc534e0 3
rr_event c7af2bcd-e99f-4e91-a9c4-e041bcc534e0 3
rr_event c7af2bcd-e99f-4e91-a9c4-e041bcc534e0 3
rr_event c7af2bcd-e99f-4e91-a9c4-e041bcc534e0 3
rr_event c7af2bcd-e99f-4e91-a9c4-e041bcc534e0 3
rr_event c7af2bcd-e99f-4e91-a9c4-e041bcc534e0 3
rr_event c7af2bcd-e99f-4e91-a9c4-e041bcc534e0 3
auth attempt {
  session_name: 'c7af2bcd-e99f-4e91-a9c4-e041bcc534e0',
  token: '561a45324abe432896a0573c4900ef85',
  role: 'target'
}
socket auth validated ok for c7af2bcd-e99f-4e91-a9c4-e041bcc534e0
rr_event c7af2bcd-e99f-4e91-a9c4-e041bcc534e0 3
rr_event c7af2bcd-e99f-4e91-a9c4-e041bcc534e0 3
rr_event c7af2bcd-e99f-4e91-a9c4-e041bcc534e0 3
rr_event c7af2bcd-e99f-4e91-a9c4-e041bcc534e0 3
rr_event c7af2bcd-e99f-4e91-a9c4-e041bcc534e0 3
rr_event c7af2bcd-e99f-4e91-a9c4-e041bcc534e0 3
rr_event c7af2bcd-e99f-4e91-a9c4-e041bcc534e0 3
rr_event c7af2bcd-e99f-4e91-a9c4-e041bcc534e0 3
rr_event c7af2bcd-e99f-4e91-a9c4-e041bcc534e0 3
rr_event c7af2bcd-e99f-4e91-a9c4-e041bcc534e0 3
rr_event c7af2bcd-e99f-4e91-a9c4-e041bcc534e0 3
rr_event c7af2bcd-e99f-4e91-a9c4-e041bcc534e0 3
rr_event c7af2bcd-e99f-4e91-a9c4-e041bcc534e0 3
rr_event c7af2bcd-e99f-4e91-a9c4-e041bcc534e0 3
rr_event c7af2bcd-e99f-4e91-a9c4-e041bcc534e0 3
rr_event c7af2bcd-e99f-4e91-a9c4-e041bcc534e0 3
rr_event c7af2bcd-e99f-4e91-a9c4-e041bcc534e0 3
rr_event c7af2bcd-e99f-4e91-a9c4-e041bcc534e0 3
rr_event c7af2bcd-e99f-4e91-a9c4-e041bcc534e0 3
rr_event c7af2bcd-e99f-4e91-a9c4-e041bcc534e0 3
rr_event c7af2bcd-e99f-4e91-a9c4-e041bcc534e0 3
rr_event c7af2bcd-e99f-4e91-a9c4-e041bcc534e0 3
rr_event c7af2bcd-e99f-4e91-a9c4-e041bcc534e0 3
rr_event c7af2bcd-e99f-4e91-a9c4-e041bcc534e0 3
rr_event c7af2bcd-e99f-4e91-a9c4-e041bcc534e0 3
rr_event c7af2bcd-e99f-4e91-a9c4-e041bcc534e0 3
rr_event c7af2bcd-e99f-4e91-a9c4-e041bcc534e0 3
rr_event c7af2bcd-e99f-4e91-a9c4-e041bcc534e0 3
rr_event c7af2bcd-e99f-4e91-a9c4-e041bcc534e0 3
rr_event c7af2bcd-e99f-4e91-a9c4-e041bcc534e0 3
rr_event c7af2bcd-e99f-4e91-a9c4-e041bcc534e0 3
rr_event c7af2bcd-e99f-4e91-a9c4-e041bcc534e0 3
rr_event c7af2bcd-e99f-4e91-a9c4-e041bcc534e0 3
rr_event c7af2bcd-e99f-4e91-a9c4-e041bcc534e0 3
rr_event c7af2bcd-e99f-4e91-a9c4-e041bcc534e0 3
rr_event c7af2bcd-e99f-4e91-a9c4-e041bcc534e0 3
rr_event c7af2bcd-e99f-4e91-a9c4-e041bcc534e0 3
rr_event c7af2bcd-e99f-4e91-a9c4-e041bcc534e0 3
rr_event c7af2bcd-e99f-4e91-a9c4-e041bcc534e0 3
rr_event c7af2bcd-e99f-4e91-a9c4-e041bcc534e0 3
rr_event c7af2bcd-e99f-4e91-a9c4-e041bcc534e0 3
rr_event c7af2bcd-e99f-4e91-a9c4-e041bcc534e0 3
rr_event c7af2bcd-e99f-4e91-a9c4-e041bcc534e0 3
rr_event c7af2bcd-e99f-4e91-a9c4-e041bcc534e0 3
rr_event c7af2bcd-e99f-4e91-a9c4-e041bcc534e0 3
rr_event c7af2bcd-e99f-4e91-a9c4-e041bcc534e0 3
rr_event c7af2bcd-e99f-4e91-a9c4-e041bcc534e0 3
rr_event c7af2bcd-e99f-4e91-a9c4-e041bcc534e0 3
rr_event c7af2bcd-e99f-4e91-a9c4-e041bcc534e0 3
rr_event c7af2bcd-e99f-4e91-a9c4-e041bcc534e0 3
rr_event c7af2bcd-e99f-4e91-a9c4-e041bcc534e0 3
rr_event c7af2bcd-e99f-4e91-a9c4-e041bcc534e0 3
rr_event c7af2bcd-e99f-4e91-a9c4-e041bcc534e0 3
rr_event c7af2bcd-e99f-4e91-a9c4-e041bcc534e0 3
rr_event c7af2bcd-e99f-4e91-a9c4-e041bcc534e0 3
rr_event c7af2bcd-e99f-4e91-a9c4-e041bcc534e0 3
rr_event c7af2bcd-e99f-4e91-a9c4-e041bcc534e0 3
rr_event c7af2bcd-e99f-4e91-a9c4-e041bcc534e0 3
rr_event c7af2bcd-e99f-4e91-a9c4-e041bcc534e0 3
rr_event c7af2bcd-e99f-4e91-a9c4-e041bcc534e0 3
rr_event c7af2bcd-e99f-4e91-a9c4-e041bcc534e0 3
rr_event c7af2bcd-e99f-4e91-a9c4-e041bcc534e0 3
rr_event c7af2bcd-e99f-4e91-a9c4-e041bcc534e0 3
rr_event c7af2bcd-e99f-4e91-a9c4-e041bcc534e0 3
rr_event c7af2bcd-e99f-4e91-a9c4-e041bcc534e0 3
rr_event c7af2bcd-e99f-4e91-a9c4-e041bcc534e0 3
rr_event c7af2bcd-e99f-4e91-a9c4-e041bcc534e0 3
rr_event c7af2bcd-e99f-4e91-a9c4-e041bcc534e0 3
rr_event c7af2bcd-e99f-4e91-a9c4-e041bcc534e0 3
rr_event c7af2bcd-e99f-4e91-a9c4-e041bcc534e0 3
rr_event c7af2bcd-e99f-4e91-a9c4-e041bcc534e0 3
rr_event c7af2bcd-e99f-4e91-a9c4-e041bcc534e0 3
rr_event c7af2bcd-e99f-4e91-a9c4-e041bcc534e0 3
rr_event c7af2bcd-e99f-4e91-a9c4-e041bcc534e0 3
rr_event c7af2bcd-e99f-4e91-a9c4-e041bcc534e0 3
rr_event c7af2bcd-e99f-4e91-a9c4-e041bcc534e0 3
rr_event c7af2bcd-e99f-4e91-a9c4-e041bcc534e0 3
rr_event c7af2bcd-e99f-4e91-a9c4-e041bcc534e0 3
rr_event c7af2bcd-e99f-4e91-a9c4-e041bcc534e0 3
rr_event c7af2bcd-e99f-4e91-a9c4-e041bcc534e0 3
rr_event c7af2bcd-e99f-4e91-a9c4-e041bcc534e0 3
rr_event c7af2bcd-e99f-4e91-a9c4-e041bcc534e0 3
rr_event c7af2bcd-e99f-4e91-a9c4-e041bcc534e0 3
rr_event c7af2bcd-e99f-4e91-a9c4-e041bcc534e0 3
rr_event c7af2bcd-e99f-4e91-a9c4-e041bcc534e0 3
socket connected: oUTWeMGPb_LXpY3ZAAA5
rr_event 8b4e55c9-5225-4d1e-8985-d488e827ec89 4
socket disconnected oUTWeMGPb_LXpY3ZAAA5 transport error
socket connected: f59pzAurtTLSGPouAAA7
rr_event 8b4e55c9-5225-4d1e-8985-d488e827ec89 3
rr_event 8b4e55c9-5225-4d1e-8985-d488e827ec89 3
rr_event 8b4e55c9-5225-4d1e-8985-d488e827ec89 3
rr_event 8b4e55c9-5225-4d1e-8985-d488e827ec89 3
rr_event 8b4e55c9-5225-4d1e-8985-d488e827ec89 3
rr_event 8b4e55c9-5225-4d1e-8985-d488e827ec89 3
rr_event 8b4e55c9-5225-4d1e-8985-d488e827ec89 3
rr_event 8b4e55c9-5225-4d1e-8985-d488e827ec89 3
rr_event 8b4e55c9-5225-4d1e-8985-d488e827ec89 3
rr_event 8b4e55c9-5225-4d1e-8985-d488e827ec89 3
rr_event 8b4e55c9-5225-4d1e-8985-d488e827ec89 3
rr_event 8b4e55c9-5225-4d1e-8985-d488e827ec89 3
rr_event 8b4e55c9-5225-4d1e-8985-d488e827ec89 3
rr_event 8b4e55c9-5225-4d1e-8985-d488e827ec89 3
rr_event 8b4e55c9-5225-4d1e-8985-d488e827ec89 3
rr_event 8b4e55c9-5225-4d1e-8985-d488e827ec89 3
rr_event 8b4e55c9-5225-4d1e-8985-d488e827ec89 3
rr_event 8b4e55c9-5225-4d1e-8985-d488e827ec89 3
rr_event 8b4e55c9-5225-4d1e-8985-d488e827ec89 3
rr_event 8b4e55c9-5225-4d1e-8985-d488e827ec89 3
rr_event 8b4e55c9-5225-4d1e-8985-d488e827ec89 3
rr_event 8b4e55c9-5225-4d1e-8985-d488e827ec89 3
rr_event 8b4e55c9-5225-4d1e-8985-d488e827ec89 3
rr_event 8b4e55c9-5225-4d1e-8985-d488e827ec89 3
rr_event 8b4e55c9-5225-4d1e-8985-d488e827ec89 3
rr_event 8b4e55c9-5225-4d1e-8985-d488e827ec89 3
rr_event 8b4e55c9-5225-4d1e-8985-d488e827ec89 3
rr_event 8b4e55c9-5225-4d1e-8985-d488e827ec89 3
rr_event 8b4e55c9-5225-4d1e-8985-d488e827ec89 3
rr_event 8b4e55c9-5225-4d1e-8985-d488e827ec89 3
auth attempt {
  session_name: '8b4e55c9-5225-4d1e-8985-d488e827ec89',
  token: 'f69d16fd47184205aa0c03d23dac1c29',
  role: 'target'
}
socket auth validated ok for 8b4e55c9-5225-4d1e-8985-d488e827ec89
rr_event 8b4e55c9-5225-4d1e-8985-d488e827ec89 3
rr_event 8b4e55c9-5225-4d1e-8985-d488e827ec89 3
rr_event 8b4e55c9-5225-4d1e-8985-d488e827ec89 3
rr_event 8b4e55c9-5225-4d1e-8985-d488e827ec89 3
rr_event 8b4e55c9-5225-4d1e-8985-d488e827ec89 3
rr_event 8b4e55c9-5225-4d1e-8985-d488e827ec89 3
rr_event 8b4e55c9-5225-4d1e-8985-d488e827ec89 3
rr_event 8b4e55c9-5225-4d1e-8985-d488e827ec89 3
rr_event 8b4e55c9-5225-4d1e-8985-d488e827ec89 3
rr_event 8b4e55c9-5225-4d1e-8985-d488e827ec89 3
rr_event 8b4e55c9-5225-4d1e-8985-d488e827ec89 3
rr_event 8b4e55c9-5225-4d1e-8985-d488e827ec89 3
rr_event 8b4e55c9-5225-4d1e-8985-d488e827ec89 3
rr_event 8b4e55c9-5225-4d1e-8985-d488e827ec89 3
rr_event 8b4e55c9-5225-4d1e-8985-d488e827ec89 3
rr_event 8b4e55c9-5225-4d1e-8985-d488e827ec89 3
rr_event 8b4e55c9-5225-4d1e-8985-d488e827ec89 3
rr_event 8b4e55c9-5225-4d1e-8985-d488e827ec89 3
rr_event 8b4e55c9-5225-4d1e-8985-d488e827ec89 3
rr_event 8b4e55c9-5225-4d1e-8985-d488e827ec89 3
rr_event 8b4e55c9-5225-4d1e-8985-d488e827ec89 3
rr_event 8b4e55c9-5225-4d1e-8985-d488e827ec89 3
rr_event 8b4e55c9-5225-4d1e-8985-d488e827ec89 3
rr_event 8b4e55c9-5225-4d1e-8985-d488e827ec89 3
rr_event 8b4e55c9-5225-4d1e-8985-d488e827ec89 3
rr_event 8b4e55c9-5225-4d1e-8985-d488e827ec89 3
rr_event 8b4e55c9-5225-4d1e-8985-d488e827ec89 3
rr_event 8b4e55c9-5225-4d1e-8985-d488e827ec89 3
rr_event 8b4e55c9-5225-4d1e-8985-d488e827ec89 3
rr_event 8b4e55c9-5225-4d1e-8985-d488e827ec89 3
rr_event 8b4e55c9-5225-4d1e-8985-d488e827ec89 3
rr_event 8b4e55c9-5225-4d1e-8985-d488e827ec89 3
rr_event 8b4e55c9-5225-4d1e-8985-d488e827ec89 3
rr_event 8b4e55c9-5225-4d1e-8985-d488e827ec89 3
rr_event 8b4e55c9-5225-4d1e-8985-d488e827ec89 3
rr_event 8b4e55c9-5225-4d1e-8985-d488e827ec89 3
rr_event 8b4e55c9-5225-4d1e-8985-d488e827ec89 3
rr_event 8b4e55c9-5225-4d1e-8985-d488e827ec89 3
rr_event 8b4e55c9-5225-4d1e-8985-d488e827ec89 3
rr_event 8b4e55c9-5225-4d1e-8985-d488e827ec89 3
rr_event 8b4e55c9-5225-4d1e-8985-d488e827ec89 3
rr_event 8b4e55c9-5225-4d1e-8985-d488e827ec89 3
rr_event 8b4e55c9-5225-4d1e-8985-d488e827ec89 3
rr_event 8b4e55c9-5225-4d1e-8985-d488e827ec89 3
rr_event 8b4e55c9-5225-4d1e-8985-d488e827ec89 3
rr_event 8b4e55c9-5225-4d1e-8985-d488e827ec89 3
rr_event 8b4e55c9-5225-4d1e-8985-d488e827ec89 3
rr_event 8b4e55c9-5225-4d1e-8985-d488e827ec89 3
rr_event 8b4e55c9-5225-4d1e-8985-d488e827ec89 3
rr_event 8b4e55c9-5225-4d1e-8985-d488e827ec89 3
rr_event 8b4e55c9-5225-4d1e-8985-d488e827ec89 3
rr_event 8b4e55c9-5225-4d1e-8985-d488e827ec89 3
rr_event 8b4e55c9-5225-4d1e-8985-d488e827ec89 3
rr_event 8b4e55c9-5225-4d1e-8985-d488e827ec89 3
rr_event 8b4e55c9-5225-4d1e-8985-d488e827ec89 3
rr_event 8b4e55c9-5225-4d1e-8985-d488e827ec89 3
rr_event 8b4e55c9-5225-4d1e-8985-d488e827ec89 3
rr_event 8b4e55c9-5225-4d1e-8985-d488e827ec89 3
rr_event 8b4e55c9-5225-4d1e-8985-d488e827ec89 3
rr_event 8b4e55c9-5225-4d1e-8985-d488e827ec89 3
rr_event 8b4e55c9-5225-4d1e-8985-d488e827ec89 3
rr_event 8b4e55c9-5225-4d1e-8985-d488e827ec89 3
rr_event 8b4e55c9-5225-4d1e-8985-d488e827ec89 3
rr_event 8b4e55c9-5225-4d1e-8985-d488e827ec89 3
rr_event 8b4e55c9-5225-4d1e-8985-d488e827ec89 3
rr_event 8b4e55c9-5225-4d1e-8985-d488e827ec89 3
rr_event 8b4e55c9-5225-4d1e-8985-d488e827ec89 3
rr_event 8b4e55c9-5225-4d1e-8985-d488e827ec89 3
rr_event 8b4e55c9-5225-4d1e-8985-d488e827ec89 3
rr_event 8b4e55c9-5225-4d1e-8985-d488e827ec89 3
rr_event 8b4e55c9-5225-4d1e-8985-d488e827ec89 3
rr_event 8b4e55c9-5225-4d1e-8985-d488e827ec89 3
rr_event 8b4e55c9-5225-4d1e-8985-d488e827ec89 3
rr_event 8b4e55c9-5225-4d1e-8985-d488e827ec89 3
rr_event 8b4e55c9-5225-4d1e-8985-d488e827ec89 3
rr_event 8b4e55c9-5225-4d1e-8985-d488e827ec89 3
rr_event 8b4e55c9-5225-4d1e-8985-d488e827ec89 3
rr_event 8b4e55c9-5225-4d1e-8985-d488e827ec89 3
rr_event 8b4e55c9-5225-4d1e-8985-d488e827ec89 3
rr_event 8b4e55c9-5225-4d1e-8985-d488e827ec89 3
rr_event 8b4e55c9-5225-4d1e-8985-d488e827ec89 3
rr_event 8b4e55c9-5225-4d1e-8985-d488e827ec89 3
rr_event 8b4e55c9-5225-4d1e-8985-d488e827ec89 3
rr_event 8b4e55c9-5225-4d1e-8985-d488e827ec89 3
rr_event 8b4e55c9-5225-4d1e-8985-d488e827ec89 3
rr_event 8b4e55c9-5225-4d1e-8985-d488e827ec89 3
rr_event 8b4e55c9-5225-4d1e-8985-d488e827ec89 3
rr_event 8b4e55c9-5225-4d1e-8985-d488e827ec89 3
rr_event 8b4e55c9-5225-4d1e-8985-d488e827ec89 3
rr_event 8b4e55c9-5225-4d1e-8985-d488e827ec89 3
rr_event 8b4e55c9-5225-4d1e-8985-d488e827ec89 3
rr_event 8b4e55c9-5225-4d1e-8985-d488e827ec89 3
rr_event 8b4e55c9-5225-4d1e-8985-d488e827ec89 3
rr_event 8b4e55c9-5225-4d1e-8985-d488e827ec89 3
rr_event 8b4e55c9-5225-4d1e-8985-d488e827ec89 3
rr_event 8b4e55c9-5225-4d1e-8985-d488e827ec89 3
rr_event 8b4e55c9-5225-4d1e-8985-d488e827ec89 3
rr_event 8b4e55c9-5225-4d1e-8985-d488e827ec89 3
rr_event 8b4e55c9-5225-4d1e-8985-d488e827ec89 3
rr_event 8b4e55c9-5225-4d1e-8985-d488e827ec89 3
rr_event 8b4e55c9-5225-4d1e-8985-d488e827ec89 3
rr_event 8b4e55c9-5225-4d1e-8985-d488e827ec89 3
rr_event 8b4e55c9-5225-4d1e-8985-d488e827ec89 3
rr_event 8b4e55c9-5225-4d1e-8985-d488e827ec89 3
rr_event 8b4e55c9-5225-4d1e-8985-d488e827ec89 3
rr_event 8b4e55c9-5225-4d1e-8985-d488e827ec89 3
rr_event 8b4e55c9-5225-4d1e-8985-d488e827ec89 3
rr_event 8b4e55c9-5225-4d1e-8985-d488e827ec89 3
rr_event 8b4e55c9-5225-4d1e-8985-d488e827ec89 3
rr_event 8b4e55c9-5225-4d1e-8985-d488e827ec89 3
rr_event 8b4e55c9-5225-4d1e-8985-d488e827ec89 3
rr_event 8b4e55c9-5225-4d1e-8985-d488e827ec89 3
rr_event 8b4e55c9-5225-4d1e-8985-d488e827ec89 3
rr_event 8b4e55c9-5225-4d1e-8985-d488e827ec89 3
rr_event 8b4e55c9-5225-4d1e-8985-d488e827ec89 3
rr_event 8b4e55c9-5225-4d1e-8985-d488e827ec89 3
rr_event 8b4e55c9-5225-4d1e-8985-d488e827ec89 3
rr_event 8b4e55c9-5225-4d1e-8985-d488e827ec89 3
rr_event 8b4e55c9-5225-4d1e-8985-d488e827ec89 3
rr_event 8b4e55c9-5225-4d1e-8985-d488e827ec89 3
rr_event 8b4e55c9-5225-4d1e-8985-d488e827ec89 3
rr_event 8b4e55c9-5225-4d1e-8985-d488e827ec89 3
rr_event 8b4e55c9-5225-4d1e-8985-d488e827ec89 3
rr_event 8b4e55c9-5225-4d1e-8985-d488e827ec89 3
rr_event 8b4e55c9-5225-4d1e-8985-d488e827ec89 3
rr_event 8b4e55c9-5225-4d1e-8985-d488e827ec89 3
rr_event 8b4e55c9-5225-4d1e-8985-d488e827ec89 3
rr_event 8b4e55c9-5225-4d1e-8985-d488e827ec89 3
rr_event 8b4e55c9-5225-4d1e-8985-d488e827ec89 3
rr_event 8b4e55c9-5225-4d1e-8985-d488e827ec89 3
rr_event 8b4e55c9-5225-4d1e-8985-d488e827ec89 3
socket connected: rp2XN0ad0bwdcQVxAAA9
rr_event 75fd807b-24d4-4513-9ffe-79896e511805 4
socket disconnected rp2XN0ad0bwdcQVxAAA9 transport error
socket connected: hx9m7zIdk93NCJo4AAA_
rr_event 75fd807b-24d4-4513-9ffe-79896e511805 3
rr_event 75fd807b-24d4-4513-9ffe-79896e511805 3
rr_event 75fd807b-24d4-4513-9ffe-79896e511805 3
rr_event 75fd807b-24d4-4513-9ffe-79896e511805 3
rr_event 75fd807b-24d4-4513-9ffe-79896e511805 3
rr_event 75fd807b-24d4-4513-9ffe-79896e511805 3
rr_event 75fd807b-24d4-4513-9ffe-79896e511805 3
rr_event 75fd807b-24d4-4513-9ffe-79896e511805 3
rr_event 75fd807b-24d4-4513-9ffe-79896e511805 3
rr_event 75fd807b-24d4-4513-9ffe-79896e511805 3
rr_event 75fd807b-24d4-4513-9ffe-79896e511805 3
rr_event 75fd807b-24d4-4513-9ffe-79896e511805 3
rr_event 75fd807b-24d4-4513-9ffe-79896e511805 3
rr_event 75fd807b-24d4-4513-9ffe-79896e511805 3
rr_event 75fd807b-24d4-4513-9ffe-79896e511805 3
rr_event 75fd807b-24d4-4513-9ffe-79896e511805 3
rr_event 75fd807b-24d4-4513-9ffe-79896e511805 3
rr_event 75fd807b-24d4-4513-9ffe-79896e511805 3
rr_event 75fd807b-24d4-4513-9ffe-79896e511805 3
rr_event 75fd807b-24d4-4513-9ffe-79896e511805 3
rr_event 75fd807b-24d4-4513-9ffe-79896e511805 3
rr_event 75fd807b-24d4-4513-9ffe-79896e511805 3
rr_event 75fd807b-24d4-4513-9ffe-79896e511805 3
rr_event 75fd807b-24d4-4513-9ffe-79896e511805 3
rr_event 75fd807b-24d4-4513-9ffe-79896e511805 3
rr_event 75fd807b-24d4-4513-9ffe-79896e511805 3
rr_event 75fd807b-24d4-4513-9ffe-79896e511805 3
rr_event 75fd807b-24d4-4513-9ffe-79896e511805 3
rr_event 75fd807b-24d4-4513-9ffe-79896e511805 3
rr_event 75fd807b-24d4-4513-9ffe-79896e511805 3
auth attempt {
  session_name: '75fd807b-24d4-4513-9ffe-79896e511805',
  token: 'bb048b44bd20488e969f5f770850043b',
  role: 'target'
}
socket auth validated ok for 75fd807b-24d4-4513-9ffe-79896e511805
rr_event 75fd807b-24d4-4513-9ffe-79896e511805 3
rr_event 75fd807b-24d4-4513-9ffe-79896e511805 3
rr_event 75fd807b-24d4-4513-9ffe-79896e511805 3
rr_event 75fd807b-24d4-4513-9ffe-79896e511805 3
rr_event 75fd807b-24d4-4513-9ffe-79896e511805 3
rr_event 75fd807b-24d4-4513-9ffe-79896e511805 3
rr_event 75fd807b-24d4-4513-9ffe-79896e511805 3
rr_event 75fd807b-24d4-4513-9ffe-79896e511805 3
rr_event 75fd807b-24d4-4513-9ffe-79896e511805 3
rr_event 75fd807b-24d4-4513-9ffe-79896e511805 3
rr_event 75fd807b-24d4-4513-9ffe-79896e511805 3
rr_event 75fd807b-24d4-4513-9ffe-79896e511805 3
rr_event 75fd807b-24d4-4513-9ffe-79896e511805 3
rr_event 75fd807b-24d4-4513-9ffe-79896e511805 3
rr_event 75fd807b-24d4-4513-9ffe-79896e511805 3
rr_event 75fd807b-24d4-4513-9ffe-79896e511805 3
rr_event 75fd807b-24d4-4513-9ffe-79896e511805 3
rr_event 75fd807b-24d4-4513-9ffe-79896e511805 3
rr_event 75fd807b-24d4-4513-9ffe-79896e511805 3
rr_event 75fd807b-24d4-4513-9ffe-79896e511805 3
rr_event 75fd807b-24d4-4513-9ffe-79896e511805 3
rr_event 75fd807b-24d4-4513-9ffe-79896e511805 3
rr_event 75fd807b-24d4-4513-9ffe-79896e511805 3
rr_event 75fd807b-24d4-4513-9ffe-79896e511805 3
rr_event 75fd807b-24d4-4513-9ffe-79896e511805 3
rr_event 75fd807b-24d4-4513-9ffe-79896e511805 3
rr_event 75fd807b-24d4-4513-9ffe-79896e511805 3
rr_event 75fd807b-24d4-4513-9ffe-79896e511805 3
rr_event 75fd807b-24d4-4513-9ffe-79896e511805 3
rr_event 75fd807b-24d4-4513-9ffe-79896e511805 3
rr_event 75fd807b-24d4-4513-9ffe-79896e511805 3
rr_event 75fd807b-24d4-4513-9ffe-79896e511805 3
rr_event 75fd807b-24d4-4513-9ffe-79896e511805 3
rr_event 75fd807b-24d4-4513-9ffe-79896e511805 3
rr_event 75fd807b-24d4-4513-9ffe-79896e511805 3
rr_event 75fd807b-24d4-4513-9ffe-79896e511805 3
rr_event 75fd807b-24d4-4513-9ffe-79896e511805 3
rr_event 75fd807b-24d4-4513-9ffe-79896e511805 3
rr_event 75fd807b-24d4-4513-9ffe-79896e511805 3
rr_event 75fd807b-24d4-4513-9ffe-79896e511805 3
rr_event 75fd807b-24d4-4513-9ffe-79896e511805 3
rr_event 75fd807b-24d4-4513-9ffe-79896e511805 3
rr_event 75fd807b-24d4-4513-9ffe-79896e511805 3
rr_event 75fd807b-24d4-4513-9ffe-79896e511805 3
rr_event 75fd807b-24d4-4513-9ffe-79896e511805 3
rr_event 75fd807b-24d4-4513-9ffe-79896e511805 3
rr_event 75fd807b-24d4-4513-9ffe-79896e511805 3
rr_event 75fd807b-24d4-4513-9ffe-79896e511805 3
rr_event 75fd807b-24d4-4513-9ffe-79896e511805 3
rr_event 75fd807b-24d4-4513-9ffe-79896e511805 3
rr_event 75fd807b-24d4-4513-9ffe-79896e511805 3
rr_event 75fd807b-24d4-4513-9ffe-79896e511805 3
rr_event 75fd807b-24d4-4513-9ffe-79896e511805 3
rr_event 75fd807b-24d4-4513-9ffe-79896e511805 3
rr_event 75fd807b-24d4-4513-9ffe-79896e511805 3
rr_event 75fd807b-24d4-4513-9ffe-79896e511805 3
rr_event 75fd807b-24d4-4513-9ffe-79896e511805 3
rr_event 75fd807b-24d4-4513-9ffe-79896e511805 3
rr_event 75fd807b-24d4-4513-9ffe-79896e511805 3
rr_event 75fd807b-24d4-4513-9ffe-79896e511805 3
rr_event 75fd807b-24d4-4513-9ffe-79896e511805 3
rr_event 75fd807b-24d4-4513-9ffe-79896e511805 3
rr_event 75fd807b-24d4-4513-9ffe-79896e511805 3
rr_event 75fd807b-24d4-4513-9ffe-79896e511805 3
rr_event 75fd807b-24d4-4513-9ffe-79896e511805 3
rr_event 75fd807b-24d4-4513-9ffe-79896e511805 3
rr_event 75fd807b-24d4-4513-9ffe-79896e511805 3
rr_event 75fd807b-24d4-4513-9ffe-79896e511805 3
rr_event 75fd807b-24d4-4513-9ffe-79896e511805 3
rr_event 75fd807b-24d4-4513-9ffe-79896e511805 3
rr_event 75fd807b-24d4-4513-9ffe-79896e511805 3
rr_event 75fd807b-24d4-4513-9ffe-79896e511805 3
rr_event 75fd807b-24d4-4513-9ffe-79896e511805 3
rr_event 75fd807b-24d4-4513-9ffe-79896e511805 3
rr_event 75fd807b-24d4-4513-9ffe-79896e511805 3
rr_event 75fd807b-24d4-4513-9ffe-79896e511805 3
rr_event 75fd807b-24d4-4513-9ffe-79896e511805 3
rr_event 75fd807b-24d4-4513-9ffe-79896e511805 3
rr_event 75fd807b-24d4-4513-9ffe-79896e511805 3
rr_event 75fd807b-24d4-4513-9ffe-79896e511805 3
rr_event 75fd807b-24d4-4513-9ffe-79896e511805 3
rr_event 75fd807b-24d4-4513-9ffe-79896e511805 3
rr_event 75fd807b-24d4-4513-9ffe-79896e511805 3
rr_event 75fd807b-24d4-4513-9ffe-79896e511805 3
rr_event 75fd807b-24d4-4513-9ffe-79896e511805 3
rr_event 75fd807b-24d4-4513-9ffe-79896e511805 3
rr_event 75fd807b-24d4-4513-9ffe-79896e511805 3
rr_event 75fd807b-24d4-4513-9ffe-79896e511805 3
rr_event 75fd807b-24d4-4513-9ffe-79896e511805 3
rr_event 75fd807b-24d4-4513-9ffe-79896e511805 3
rr_event 75fd807b-24d4-4513-9ffe-79896e511805 3
rr_event 75fd807b-24d4-4513-9ffe-79896e511805 3
rr_event 75fd807b-24d4-4513-9ffe-79896e511805 3
rr_event 75fd807b-24d4-4513-9ffe-79896e511805 3
rr_event 75fd807b-24d4-4513-9ffe-79896e511805 3
rr_event 75fd807b-24d4-4513-9ffe-79896e511805 3
rr_event 75fd807b-24d4-4513-9ffe-79896e511805 3
rr_event 75fd807b-24d4-4513-9ffe-79896e511805 3
rr_event 75fd807b-24d4-4513-9ffe-79896e511805 3
rr_event 75fd807b-24d4-4513-9ffe-79896e511805 3
rr_event 75fd807b-24d4-4513-9ffe-79896e511805 3
rr_event 75fd807b-24d4-4513-9ffe-79896e511805 3
rr_event 75fd807b-24d4-4513-9ffe-79896e511805 3
rr_event 75fd807b-24d4-4513-9ffe-79896e511805 3
rr_event 75fd807b-24d4-4513-9ffe-79896e511805 3
rr_event 75fd807b-24d4-4513-9ffe-79896e511805 3
rr_event 75fd807b-24d4-4513-9ffe-79896e511805 3
rr_event 75fd807b-24d4-4513-9ffe-79896e511805 3
rr_event 75fd807b-24d4-4513-9ffe-79896e511805 3
rr_event 75fd807b-24d4-4513-9ffe-79896e511805 3
rr_event 75fd807b-24d4-4513-9ffe-79896e511805 3
rr_event 75fd807b-24d4-4513-9ffe-79896e511805 3
rr_event 75fd807b-24d4-4513-9ffe-79896e511805 3
rr_event 75fd807b-24d4-4513-9ffe-79896e511805 3
rr_event 75fd807b-24d4-4513-9ffe-79896e511805 3
rr_event 75fd807b-24d4-4513-9ffe-79896e511805 3
rr_event 75fd807b-24d4-4513-9ffe-79896e511805 3
rr_event 75fd807b-24d4-4513-9ffe-79896e511805 3
rr_event 75fd807b-24d4-4513-9ffe-79896e511805 3
rr_event 75fd807b-24d4-4513-9ffe-79896e511805 3
rr_event 75fd807b-24d4-4513-9ffe-79896e511805 3
rr_event 75fd807b-24d4-4513-9ffe-79896e511805 3
rr_event 75fd807b-24d4-4513-9ffe-79896e511805 3
rr_event 75fd807b-24d4-4513-9ffe-79896e511805 3
rr_event 75fd807b-24d4-4513-9ffe-79896e511805 3
rr_event 75fd807b-24d4-4513-9ffe-79896e511805 3
rr_event 75fd807b-24d4-4513-9ffe-79896e511805 3
rr_event 75fd807b-24d4-4513-9ffe-79896e511805 3
rr_event 75fd807b-24d4-4513-9ffe-79896e511805 3
rr_event 75fd807b-24d4-4513-9ffe-79896e511805 3
rr_event 75fd807b-24d4-4513-9ffe-79896e511805 3
rr_event 75fd807b-24d4-4513-9ffe-79896e511805 3
rr_event 75fd807b-24d4-4513-9ffe-79896e511805 3
rr_event 75fd807b-24d4-4513-9ffe-79896e511805 3
rr_event 75fd807b-24d4-4513-9ffe-79896e511805 3
rr_event 75fd807b-24d4-4513-9ffe-79896e511805 3
rr_event 75fd807b-24d4-4513-9ffe-79896e511805 3
rr_event 75fd807b-24d4-4513-9ffe-79896e511805 3
rr_event 75fd807b-24d4-4513-9ffe-79896e511805 3
rr_event 75fd807b-24d4-4513-9ffe-79896e511805 3
rr_event 75fd807b-24d4-4513-9ffe-79896e511805 3
rr_event 75fd807b-24d4-4513-9ffe-79896e511805 3
rr_event 75fd807b-24d4-4513-9ffe-79896e511805 3
rr_event 75fd807b-24d4-4513-9ffe-79896e511805 3
rr_event 75fd807b-24d4-4513-9ffe-79896e511805 3
rr_event 75fd807b-24d4-4513-9ffe-79896e511805 3
rr_event 75fd807b-24d4-4513-9ffe-79896e511805 3
rr_event 75fd807b-24d4-4513-9ffe-79896e511805 3
rr_event 75fd807b-24d4-4513-9ffe-79896e511805 3
rr_event 75fd807b-24d4-4513-9ffe-79896e511805 3
rr_event 75fd807b-24d4-4513-9ffe-79896e511805 3
rr_event 75fd807b-24d4-4513-9ffe-79896e511805 3
rr_event 75fd807b-24d4-4513-9ffe-79896e511805 3
rr_event 75fd807b-24d4-4513-9ffe-79896e511805 3
rr_event 75fd807b-24d4-4513-9ffe-79896e511805 3
rr_event 75fd807b-24d4-4513-9ffe-79896e511805 3
rr_event 75fd807b-24d4-4513-9ffe-79896e511805 3
rr_event 75fd807b-24d4-4513-9ffe-79896e511805 3
rr_event 75fd807b-24d4-4513-9ffe-79896e511805 3
rr_event 75fd807b-24d4-4513-9ffe-79896e511805 3
rr_event 75fd807b-24d4-4513-9ffe-79896e511805 3
rr_event 75fd807b-24d4-4513-9ffe-79896e511805 3
rr_event 75fd807b-24d4-4513-9ffe-79896e511805 3
rr_event 75fd807b-24d4-4513-9ffe-79896e511805 3
rr_event 75fd807b-24d4-4513-9ffe-79896e511805 3
rr_event 75fd807b-24d4-4513-9ffe-79896e511805 3
rr_event 75fd807b-24d4-4513-9ffe-79896e511805 3
rr_event 75fd807b-24d4-4513-9ffe-79896e511805 3
rr_event 75fd807b-24d4-4513-9ffe-79896e511805 3
rr_event 75fd807b-24d4-4513-9ffe-79896e511805 3
rr_event 75fd807b-24d4-4513-9ffe-79896e511805 3
rr_event 75fd807b-24d4-4513-9ffe-79896e511805 3
rr_event 75fd807b-24d4-4513-9ffe-79896e511805 3
rr_event 75fd807b-24d4-4513-9ffe-79896e511805 3
rr_event 75fd807b-24d4-4513-9ffe-79896e511805 3
rr_event 75fd807b-24d4-4513-9ffe-79896e511805 3
rr_event 75fd807b-24d4-4513-9ffe-79896e511805 3
rr_event 75fd807b-24d4-4513-9ffe-79896e511805 3
rr_event 75fd807b-24d4-4513-9ffe-79896e511805 3
rr_event 75fd807b-24d4-4513-9ffe-79896e511805 3
rr_event 75fd807b-24d4-4513-9ffe-79896e511805 3
rr_event 75fd807b-24d4-4513-9ffe-79896e511805 3
rr_event 75fd807b-24d4-4513-9ffe-79896e511805 3
rr_event 75fd807b-24d4-4513-9ffe-79896e511805 3
rr_event 75fd807b-24d4-4513-9ffe-79896e511805 3
rr_event 75fd807b-24d4-4513-9ffe-79896e511805 3
rr_event 75fd807b-24d4-4513-9ffe-79896e511805 3
rr_event 75fd807b-24d4-4513-9ffe-79896e511805 3
rr_event 75fd807b-24d4-4513-9ffe-79896e511805 3
rr_event 75fd807b-24d4-4513-9ffe-79896e511805 3
rr_event 75fd807b-24d4-4513-9ffe-79896e511805 3
rr_event 75fd807b-24d4-4513-9ffe-79896e511805 3
rr_event 75fd807b-24d4-4513-9ffe-79896e511805 3
rr_event 75fd807b-24d4-4513-9ffe-79896e511805 3
rr_event 75fd807b-24d4-4513-9ffe-79896e511805 3
rr_event 75fd807b-24d4-4513-9ffe-79896e511805 3
rr_event 75fd807b-24d4-4513-9ffe-79896e511805 3
rr_event 75fd807b-24d4-4513-9ffe-79896e511805 3
rr_event 75fd807b-24d4-4513-9ffe-79896e511805 3
rr_event 75fd807b-24d4-4513-9ffe-79896e511805 3
rr_event 75fd807b-24d4-4513-9ffe-79896e511805 3
rr_event 75fd807b-24d4-4513-9ffe-79896e511805 3
rr_event 75fd807b-24d4-4513-9ffe-79896e511805 3
rr_event 75fd807b-24d4-4513-9ffe-79896e511805 3
rr_event 75fd807b-24d4-4513-9ffe-79896e511805 3
rr_event 75fd807b-24d4-4513-9ffe-79896e511805 3
rr_event 75fd807b-24d4-4513-9ffe-79896e511805 3
rr_event 75fd807b-24d4-4513-9ffe-79896e511805 3
rr_event 75fd807b-24d4-4513-9ffe-79896e511805 3
rr_event 75fd807b-24d4-4513-9ffe-79896e511805 3
rr_event 75fd807b-24d4-4513-9ffe-79896e511805 3
rr_event 75fd807b-24d4-4513-9ffe-79896e511805 3
rr_event 75fd807b-24d4-4513-9ffe-79896e511805 3
rr_event 75fd807b-24d4-4513-9ffe-79896e511805 3
rr_event 75fd807b-24d4-4513-9ffe-79896e511805 3
rr_event 75fd807b-24d4-4513-9ffe-79896e511805 3
rr_event 75fd807b-24d4-4513-9ffe-79896e511805 3
rr_event 75fd807b-24d4-4513-9ffe-79896e511805 3
rr_event 75fd807b-24d4-4513-9ffe-79896e511805 3
rr_event 75fd807b-24d4-4513-9ffe-79896e511805 3
rr_event 75fd807b-24d4-4513-9ffe-79896e511805 3
rr_event 75fd807b-24d4-4513-9ffe-79896e511805 3
rr_event 75fd807b-24d4-4513-9ffe-79896e511805 3
rr_event 75fd807b-24d4-4513-9ffe-79896e511805 3
rr_event 75fd807b-24d4-4513-9ffe-79896e511805 3
rr_event 75fd807b-24d4-4513-9ffe-79896e511805 3
rr_event 75fd807b-24d4-4513-9ffe-79896e511805 3
rr_event 75fd807b-24d4-4513-9ffe-79896e511805 3
rr_event 75fd807b-24d4-4513-9ffe-79896e511805 3
rr_event 75fd807b-24d4-4513-9ffe-79896e511805 3
rr_event 75fd807b-24d4-4513-9ffe-79896e511805 3
rr_event 75fd807b-24d4-4513-9ffe-79896e511805 3
rr_event 75fd807b-24d4-4513-9ffe-79896e511805 3
rr_event 75fd807b-24d4-4513-9ffe-79896e511805 3
rr_event 75fd807b-24d4-4513-9ffe-79896e511805 3
rr_event 75fd807b-24d4-4513-9ffe-79896e511805 3
rr_event 75fd807b-24d4-4513-9ffe-79896e511805 3
rr_event 75fd807b-24d4-4513-9ffe-79896e511805 3
rr_event 75fd807b-24d4-4513-9ffe-79896e511805 3
rr_event 75fd807b-24d4-4513-9ffe-79896e511805 3
rr_event 75fd807b-24d4-4513-9ffe-79896e511805 3
rr_event 75fd807b-24d4-4513-9ffe-79896e511805 3
rr_event 75fd807b-24d4-4513-9ffe-79896e511805 3
rr_event 75fd807b-24d4-4513-9ffe-79896e511805 3
rr_event 75fd807b-24d4-4513-9ffe-79896e511805 3
rr_event 75fd807b-24d4-4513-9ffe-79896e511805 3
rr_event 75fd807b-24d4-4513-9ffe-79896e511805 3
rr_event 75fd807b-24d4-4513-9ffe-79896e511805 3
rr_event 75fd807b-24d4-4513-9ffe-79896e511805 3
rr_event 75fd807b-24d4-4513-9ffe-79896e511805 3
rr_event 75fd807b-24d4-4513-9ffe-79896e511805 3
rr_event 75fd807b-24d4-4513-9ffe-79896e511805 3
rr_event 75fd807b-24d4-4513-9ffe-79896e511805 3
rr_event 75fd807b-24d4-4513-9ffe-79896e511805 3
rr_event 75fd807b-24d4-4513-9ffe-79896e511805 3
rr_event 75fd807b-24d4-4513-9ffe-79896e511805 3
rr_event 75fd807b-24d4-4513-9ffe-79896e511805 3
rr_event 75fd807b-24d4-4513-9ffe-79896e511805 3
rr_event 75fd807b-24d4-4513-9ffe-79896e511805 3
rr_event 75fd807b-24d4-4513-9ffe-79896e511805 3
rr_event 75fd807b-24d4-4513-9ffe-79896e511805 3
rr_event 75fd807b-24d4-4513-9ffe-79896e511805 3
rr_event 75fd807b-24d4-4513-9ffe-79896e511805 3
rr_event 75fd807b-24d4-4513-9ffe-79896e511805 3
rr_event 75fd807b-24d4-4513-9ffe-79896e511805 3
rr_event 75fd807b-24d4-4513-9ffe-79896e511805 3
rr_event 75fd807b-24d4-4513-9ffe-79896e511805 3
rr_event 75fd807b-24d4-4513-9ffe-79896e511805 3
rr_event 75fd807b-24d4-4513-9ffe-79896e511805 3
rr_event 75fd807b-24d4-4513-9ffe-79896e511805 3
rr_event 75fd807b-24d4-4513-9ffe-79896e511805 3
rr_event 75fd807b-24d4-4513-9ffe-79896e511805 3
rr_event 75fd807b-24d4-4513-9ffe-79896e511805 3
rr_event 75fd807b-24d4-4513-9ffe-79896e511805 3
rr_event 75fd807b-24d4-4513-9ffe-79896e511805 3
rr_event 75fd807b-24d4-4513-9ffe-79896e511805 3
rr_event 75fd807b-24d4-4513-9ffe-79896e511805 3
rr_event 75fd807b-24d4-4513-9ffe-79896e511805 3
rr_event 75fd807b-24d4-4513-9ffe-79896e511805 3
rr_event 75fd807b-24d4-4513-9ffe-79896e511805 3
rr_event 75fd807b-24d4-4513-9ffe-79896e511805 3
rr_event 75fd807b-24d4-4513-9ffe-79896e511805 3
rr_event 75fd807b-24d4-4513-9ffe-79896e511805 3
rr_event 75fd807b-24d4-4513-9ffe-79896e511805 3
rr_event 75fd807b-24d4-4513-9ffe-79896e511805 3
rr_event 75fd807b-24d4-4513-9ffe-79896e511805 3
rr_event 75fd807b-24d4-4513-9ffe-79896e511805 3
rr_event 75fd807b-24d4-4513-9ffe-79896e511805 3
rr_event 75fd807b-24d4-4513-9ffe-79896e511805 3
rr_event 75fd807b-24d4-4513-9ffe-79896e511805 3
rr_event 75fd807b-24d4-4513-9ffe-79896e511805 3
rr_event 75fd807b-24d4-4513-9ffe-79896e511805 3
rr_event 75fd807b-24d4-4513-9ffe-79896e511805 3
rr_event 75fd807b-24d4-4513-9ffe-79896e511805 3
rr_event 75fd807b-24d4-4513-9ffe-79896e511805 3
rr_event 75fd807b-24d4-4513-9ffe-79896e511805 3
rr_event 75fd807b-24d4-4513-9ffe-79896e511805 3
rr_event 75fd807b-24d4-4513-9ffe-79896e511805 3
rr_event 75fd807b-24d4-4513-9ffe-79896e511805 3
rr_event 75fd807b-24d4-4513-9ffe-79896e511805 3
rr_event 75fd807b-24d4-4513-9ffe-79896e511805 3
rr_event 75fd807b-24d4-4513-9ffe-79896e511805 3
rr_event 75fd807b-24d4-4513-9ffe-79896e511805 3
rr_event 75fd807b-24d4-4513-9ffe-79896e511805 3
rr_event 75fd807b-24d4-4513-9ffe-79896e511805 3
rr_event 75fd807b-24d4-4513-9ffe-79896e511805 3
rr_event 75fd807b-24d4-4513-9ffe-79896e511805 3
rr_event 75fd807b-24d4-4513-9ffe-79896e511805 3
rr_event 75fd807b-24d4-4513-9ffe-79896e511805 3
rr_event 75fd807b-24d4-4513-9ffe-79896e511805 3
rr_event 75fd807b-24d4-4513-9ffe-79896e511805 3
rr_event 75fd807b-24d4-4513-9ffe-79896e511805 3
rr_event 75fd807b-24d4-4513-9ffe-79896e511805 3
rr_event 75fd807b-24d4-4513-9ffe-79896e511805 3
rr_event 75fd807b-24d4-4513-9ffe-79896e511805 3
rr_event 75fd807b-24d4-4513-9ffe-79896e511805 3
rr_event 75fd807b-24d4-4513-9ffe-79896e511805 3
rr_event 75fd807b-24d4-4513-9ffe-79896e511805 3
rr_event 75fd807b-24d4-4513-9ffe-79896e511805 3
rr_event 75fd807b-24d4-4513-9ffe-79896e511805 3
rr_event 75fd807b-24d4-4513-9ffe-79896e511805 3
rr_event 75fd807b-24d4-4513-9ffe-79896e511805 3
rr_event 75fd807b-24d4-4513-9ffe-79896e511805 3
rr_event 75fd807b-24d4-4513-9ffe-79896e511805 3
rr_event 75fd807b-24d4-4513-9ffe-79896e511805 3
rr_event 75fd807b-24d4-4513-9ffe-79896e511805 3
rr_event 75fd807b-24d4-4513-9ffe-79896e511805 3
rr_event 75fd807b-24d4-4513-9ffe-79896e511805 3
rr_event 75fd807b-24d4-4513-9ffe-79896e511805 3
rr_event 75fd807b-24d4-4513-9ffe-79896e511805 3
rr_event 75fd807b-24d4-4513-9ffe-79896e511805 3
rr_event 75fd807b-24d4-4513-9ffe-79896e511805 3
rr_event 75fd807b-24d4-4513-9ffe-79896e511805 3
rr_event 75fd807b-24d4-4513-9ffe-79896e511805 3
rr_event 75fd807b-24d4-4513-9ffe-79896e511805 3
rr_event 75fd807b-24d4-4513-9ffe-79896e511805 3
rr_event 75fd807b-24d4-4513-9ffe-79896e511805 3
rr_event 75fd807b-24d4-4513-9ffe-79896e511805 3
rr_event 75fd807b-24d4-4513-9ffe-79896e511805 3
rr_event 75fd807b-24d4-4513-9ffe-79896e511805 3
rr_event 75fd807b-24d4-4513-9ffe-79896e511805 3
rr_event 75fd807b-24d4-4513-9ffe-79896e511805 3
rr_event 75fd807b-24d4-4513-9ffe-79896e511805 3
rr_event 75fd807b-24d4-4513-9ffe-79896e511805 3
rr_event 75fd807b-24d4-4513-9ffe-79896e511805 3
rr_event 75fd807b-24d4-4513-9ffe-79896e511805 3
rr_event 75fd807b-24d4-4513-9ffe-79896e511805 3
rr_event 75fd807b-24d4-4513-9ffe-79896e511805 3
rr_event 75fd807b-24d4-4513-9ffe-79896e511805 3
rr_event 75fd807b-24d4-4513-9ffe-79896e511805 3
rr_event 75fd807b-24d4-4513-9ffe-79896e511805 3
rr_event 75fd807b-24d4-4513-9ffe-79896e511805 3
rr_event 75fd807b-24d4-4513-9ffe-79896e511805 3
rr_event 75fd807b-24d4-4513-9ffe-79896e511805 3
rr_event 75fd807b-24d4-4513-9ffe-79896e511805 3
rr_event 75fd807b-24d4-4513-9ffe-79896e511805 3
socket connected: 3cEgxNh7WUGS-Se1AABB
rr_event 506920c7-8ad5-4ea3-ad70-34e312b79ffe 4
socket disconnected 3cEgxNh7WUGS-Se1AABB transport error
socket connected: GjAOqacFco-C9i61AABD
rr_event 506920c7-8ad5-4ea3-ad70-34e312b79ffe 3
rr_event 506920c7-8ad5-4ea3-ad70-34e312b79ffe 3
rr_event 506920c7-8ad5-4ea3-ad70-34e312b79ffe 3
rr_event 506920c7-8ad5-4ea3-ad70-34e312b79ffe 3
rr_event 506920c7-8ad5-4ea3-ad70-34e312b79ffe 3
rr_event 506920c7-8ad5-4ea3-ad70-34e312b79ffe 3
rr_event 506920c7-8ad5-4ea3-ad70-34e312b79ffe 3
rr_event 506920c7-8ad5-4ea3-ad70-34e312b79ffe 3
rr_event 506920c7-8ad5-4ea3-ad70-34e312b79ffe 3
rr_event 506920c7-8ad5-4ea3-ad70-34e312b79ffe 3
rr_event 506920c7-8ad5-4ea3-ad70-34e312b79ffe 3
rr_event 506920c7-8ad5-4ea3-ad70-34e312b79ffe 3
rr_event 506920c7-8ad5-4ea3-ad70-34e312b79ffe 3
rr_event 506920c7-8ad5-4ea3-ad70-34e312b79ffe 3
rr_event 506920c7-8ad5-4ea3-ad70-34e312b79ffe 3
rr_event 506920c7-8ad5-4ea3-ad70-34e312b79ffe 3
rr_event 506920c7-8ad5-4ea3-ad70-34e312b79ffe 3
rr_event 506920c7-8ad5-4ea3-ad70-34e312b79ffe 3
rr_event 506920c7-8ad5-4ea3-ad70-34e312b79ffe 3
rr_event 506920c7-8ad5-4ea3-ad70-34e312b79ffe 3
rr_event 506920c7-8ad5-4ea3-ad70-34e312b79ffe 3
rr_event 506920c7-8ad5-4ea3-ad70-34e312b79ffe 3
rr_event 506920c7-8ad5-4ea3-ad70-34e312b79ffe 3
rr_event 506920c7-8ad5-4ea3-ad70-34e312b79ffe 3
rr_event 506920c7-8ad5-4ea3-ad70-34e312b79ffe 3
rr_event 506920c7-8ad5-4ea3-ad70-34e312b79ffe 3
rr_event 506920c7-8ad5-4ea3-ad70-34e312b79ffe 3
rr_event 506920c7-8ad5-4ea3-ad70-34e312b79ffe 3
rr_event 506920c7-8ad5-4ea3-ad70-34e312b79ffe 3
auth attempt {
  session_name: '506920c7-8ad5-4ea3-ad70-34e312b79ffe',
  token: 'a7ce8a1defcf47feb2897d5aaa7fb81a',
  role: 'target'
}
socket auth validated ok for 506920c7-8ad5-4ea3-ad70-34e312b79ffe
rr_event 506920c7-8ad5-4ea3-ad70-34e312b79ffe 3
rr_event 506920c7-8ad5-4ea3-ad70-34e312b79ffe 3
rr_event 506920c7-8ad5-4ea3-ad70-34e312b79ffe 3
rr_event 506920c7-8ad5-4ea3-ad70-34e312b79ffe 3
rr_event 506920c7-8ad5-4ea3-ad70-34e312b79ffe 3
rr_event 506920c7-8ad5-4ea3-ad70-34e312b79ffe 3
rr_event 506920c7-8ad5-4ea3-ad70-34e312b79ffe 3
rr_event 506920c7-8ad5-4ea3-ad70-34e312b79ffe 3
rr_event 506920c7-8ad5-4ea3-ad70-34e312b79ffe 3
rr_event 506920c7-8ad5-4ea3-ad70-34e312b79ffe 3
rr_event 506920c7-8ad5-4ea3-ad70-34e312b79ffe 3
rr_event 506920c7-8ad5-4ea3-ad70-34e312b79ffe 3
rr_event 506920c7-8ad5-4ea3-ad70-34e312b79ffe 3
rr_event 506920c7-8ad5-4ea3-ad70-34e312b79ffe 3
rr_event 506920c7-8ad5-4ea3-ad70-34e312b79ffe 3
rr_event 506920c7-8ad5-4ea3-ad70-34e312b79ffe 3
rr_event 506920c7-8ad5-4ea3-ad70-34e312b79ffe 3
rr_event 506920c7-8ad5-4ea3-ad70-34e312b79ffe 3
rr_event 506920c7-8ad5-4ea3-ad70-34e312b79ffe 3
rr_event 506920c7-8ad5-4ea3-ad70-34e312b79ffe 3
rr_event 506920c7-8ad5-4ea3-ad70-34e312b79ffe 3
rr_event 506920c7-8ad5-4ea3-ad70-34e312b79ffe 3
rr_event 506920c7-8ad5-4ea3-ad70-34e312b79ffe 3
rr_event 506920c7-8ad5-4ea3-ad70-34e312b79ffe 3
rr_event 506920c7-8ad5-4ea3-ad70-34e312b79ffe 3
rr_event 506920c7-8ad5-4ea3-ad70-34e312b79ffe 3
rr_event 506920c7-8ad5-4ea3-ad70-34e312b79ffe 3
rr_event 506920c7-8ad5-4ea3-ad70-34e312b79ffe 3
rr_event 506920c7-8ad5-4ea3-ad70-34e312b79ffe 3
rr_event 506920c7-8ad5-4ea3-ad70-34e312b79ffe 3
rr_event 506920c7-8ad5-4ea3-ad70-34e312b79ffe 3
rr_event 506920c7-8ad5-4ea3-ad70-34e312b79ffe 3
rr_event 506920c7-8ad5-4ea3-ad70-34e312b79ffe 3
rr_event 506920c7-8ad5-4ea3-ad70-34e312b79ffe 3
rr_event 506920c7-8ad5-4ea3-ad70-34e312b79ffe 3
rr_event 506920c7-8ad5-4ea3-ad70-34e312b79ffe 3
rr_event 506920c7-8ad5-4ea3-ad70-34e312b79ffe 3
rr_event 506920c7-8ad5-4ea3-ad70-34e312b79ffe 3
rr_event 506920c7-8ad5-4ea3-ad70-34e312b79ffe 3
rr_event 506920c7-8ad5-4ea3-ad70-34e312b79ffe 3
rr_event 506920c7-8ad5-4ea3-ad70-34e312b79ffe 3
rr_event 506920c7-8ad5-4ea3-ad70-34e312b79ffe 3
rr_event 506920c7-8ad5-4ea3-ad70-34e312b79ffe 3
rr_event 506920c7-8ad5-4ea3-ad70-34e312b79ffe 3
rr_event 506920c7-8ad5-4ea3-ad70-34e312b79ffe 3
rr_event 506920c7-8ad5-4ea3-ad70-34e312b79ffe 3
rr_event 506920c7-8ad5-4ea3-ad70-34e312b79ffe 3
rr_event 506920c7-8ad5-4ea3-ad70-34e312b79ffe 3
rr_event 506920c7-8ad5-4ea3-ad70-34e312b79ffe 3
rr_event 506920c7-8ad5-4ea3-ad70-34e312b79ffe 3
rr_event 506920c7-8ad5-4ea3-ad70-34e312b79ffe 3
rr_event 506920c7-8ad5-4ea3-ad70-34e312b79ffe 3
rr_event 506920c7-8ad5-4ea3-ad70-34e312b79ffe 3
rr_event 506920c7-8ad5-4ea3-ad70-34e312b79ffe 3
rr_event 506920c7-8ad5-4ea3-ad70-34e312b79ffe 3
rr_event 506920c7-8ad5-4ea3-ad70-34e312b79ffe 3
rr_event 506920c7-8ad5-4ea3-ad70-34e312b79ffe 3
rr_event 506920c7-8ad5-4ea3-ad70-34e312b79ffe 3
rr_event 506920c7-8ad5-4ea3-ad70-34e312b79ffe 3
rr_event 506920c7-8ad5-4ea3-ad70-34e312b79ffe 3
rr_event 506920c7-8ad5-4ea3-ad70-34e312b79ffe 3
rr_event 506920c7-8ad5-4ea3-ad70-34e312b79ffe 3
rr_event 506920c7-8ad5-4ea3-ad70-34e312b79ffe 3
rr_event 506920c7-8ad5-4ea3-ad70-34e312b79ffe 3
rr_event 506920c7-8ad5-4ea3-ad70-34e312b79ffe 3
rr_event 506920c7-8ad5-4ea3-ad70-34e312b79ffe 3
rr_event 506920c7-8ad5-4ea3-ad70-34e312b79ffe 3
rr_event 506920c7-8ad5-4ea3-ad70-34e312b79ffe 3
rr_event 506920c7-8ad5-4ea3-ad70-34e312b79ffe 3
rr_event 506920c7-8ad5-4ea3-ad70-34e312b79ffe 3
rr_event 506920c7-8ad5-4ea3-ad70-34e312b79ffe 3
rr_event 506920c7-8ad5-4ea3-ad70-34e312b79ffe 3
rr_event 506920c7-8ad5-4ea3-ad70-34e312b79ffe 3
rr_event 506920c7-8ad5-4ea3-ad70-34e312b79ffe 3
rr_event 506920c7-8ad5-4ea3-ad70-34e312b79ffe 3
rr_event 506920c7-8ad5-4ea3-ad70-34e312b79ffe 3
rr_event 506920c7-8ad5-4ea3-ad70-34e312b79ffe 3
rr_event 506920c7-8ad5-4ea3-ad70-34e312b79ffe 3
rr_event 506920c7-8ad5-4ea3-ad70-34e312b79ffe 3
rr_event 506920c7-8ad5-4ea3-ad70-34e312b79ffe 3
rr_event 506920c7-8ad5-4ea3-ad70-34e312b79ffe 3
rr_event 506920c7-8ad5-4ea3-ad70-34e312b79ffe 3
rr_event 506920c7-8ad5-4ea3-ad70-34e312b79ffe 3
rr_event 506920c7-8ad5-4ea3-ad70-34e312b79ffe 3
rr_event 506920c7-8ad5-4ea3-ad70-34e312b79ffe 3
rr_event 506920c7-8ad5-4ea3-ad70-34e312b79ffe 3
rr_event 506920c7-8ad5-4ea3-ad70-34e312b79ffe 3
rr_event 506920c7-8ad5-4ea3-ad70-34e312b79ffe 3
rr_event 506920c7-8ad5-4ea3-ad70-34e312b79ffe 3
rr_event 506920c7-8ad5-4ea3-ad70-34e312b79ffe 3
rr_event 506920c7-8ad5-4ea3-ad70-34e312b79ffe 3
rr_event 506920c7-8ad5-4ea3-ad70-34e312b79ffe 3
rr_event 506920c7-8ad5-4ea3-ad70-34e312b79ffe 3
rr_event 506920c7-8ad5-4ea3-ad70-34e312b79ffe 3
rr_event 506920c7-8ad5-4ea3-ad70-34e312b79ffe 3
rr_event 506920c7-8ad5-4ea3-ad70-34e312b79ffe 3
rr_event 506920c7-8ad5-4ea3-ad70-34e312b79ffe 3
rr_event 506920c7-8ad5-4ea3-ad70-34e312b79ffe 3
rr_event 506920c7-8ad5-4ea3-ad70-34e312b79ffe 3
rr_event 506920c7-8ad5-4ea3-ad70-34e312b79ffe 3
rr_event 506920c7-8ad5-4ea3-ad70-34e312b79ffe 3
rr_event 506920c7-8ad5-4ea3-ad70-34e312b79ffe 3
rr_event 506920c7-8ad5-4ea3-ad70-34e312b79ffe 3
rr_event 506920c7-8ad5-4ea3-ad70-34e312b79ffe 3
rr_event 506920c7-8ad5-4ea3-ad70-34e312b79ffe 3
rr_event 506920c7-8ad5-4ea3-ad70-34e312b79ffe 3
rr_event 506920c7-8ad5-4ea3-ad70-34e312b79ffe 3
rr_event 506920c7-8ad5-4ea3-ad70-34e312b79ffe 3
rr_event 506920c7-8ad5-4ea3-ad70-34e312b79ffe 3
rr_event 506920c7-8ad5-4ea3-ad70-34e312b79ffe 3
rr_event 506920c7-8ad5-4ea3-ad70-34e312b79ffe 3
rr_event 506920c7-8ad5-4ea3-ad70-34e312b79ffe 3
rr_event 506920c7-8ad5-4ea3-ad70-34e312b79ffe 3
rr_event 506920c7-8ad5-4ea3-ad70-34e312b79ffe 3
rr_event 506920c7-8ad5-4ea3-ad70-34e312b79ffe 3
rr_event 506920c7-8ad5-4ea3-ad70-34e312b79ffe 3
rr_event 506920c7-8ad5-4ea3-ad70-34e312b79ffe 3
rr_event 506920c7-8ad5-4ea3-ad70-34e312b79ffe 3
rr_event 506920c7-8ad5-4ea3-ad70-34e312b79ffe 3
rr_event 506920c7-8ad5-4ea3-ad70-34e312b79ffe 3
rr_event 506920c7-8ad5-4ea3-ad70-34e312b79ffe 3
rr_event 506920c7-8ad5-4ea3-ad70-34e312b79ffe 3
rr_event 506920c7-8ad5-4ea3-ad70-34e312b79ffe 3
rr_event 506920c7-8ad5-4ea3-ad70-34e312b79ffe 3
rr_event 506920c7-8ad5-4ea3-ad70-34e312b79ffe 3
rr_event 506920c7-8ad5-4ea3-ad70-34e312b79ffe 3
rr_event 506920c7-8ad5-4ea3-ad70-34e312b79ffe 3
rr_event 506920c7-8ad5-4ea3-ad70-34e312b79ffe 3
rr_event 506920c7-8ad5-4ea3-ad70-34e312b79ffe 3
rr_event 506920c7-8ad5-4ea3-ad70-34e312b79ffe 3
rr_event 506920c7-8ad5-4ea3-ad70-34e312b79ffe 3
rr_event 506920c7-8ad5-4ea3-ad70-34e312b79ffe 3
rr_event 506920c7-8ad5-4ea3-ad70-34e312b79ffe 3
rr_event 506920c7-8ad5-4ea3-ad70-34e312b79ffe 3
rr_event 506920c7-8ad5-4ea3-ad70-34e312b79ffe 3
rr_event 506920c7-8ad5-4ea3-ad70-34e312b79ffe 3
rr_event 506920c7-8ad5-4ea3-ad70-34e312b79ffe 3
rr_event 506920c7-8ad5-4ea3-ad70-34e312b79ffe 3
rr_event 506920c7-8ad5-4ea3-ad70-34e312b79ffe 3
rr_event 506920c7-8ad5-4ea3-ad70-34e312b79ffe 3
rr_event 506920c7-8ad5-4ea3-ad70-34e312b79ffe 3
rr_event 506920c7-8ad5-4ea3-ad70-34e312b79ffe 3
rr_event 506920c7-8ad5-4ea3-ad70-34e312b79ffe 3
rr_event 506920c7-8ad5-4ea3-ad70-34e312b79ffe 3
rr_event 506920c7-8ad5-4ea3-ad70-34e312b79ffe 3
rr_event 506920c7-8ad5-4ea3-ad70-34e312b79ffe 3
rr_event 506920c7-8ad5-4ea3-ad70-34e312b79ffe 3
rr_event 506920c7-8ad5-4ea3-ad70-34e312b79ffe 3
rr_event 506920c7-8ad5-4ea3-ad70-34e312b79ffe 3
rr_event 506920c7-8ad5-4ea3-ad70-34e312b79ffe 3
rr_event 506920c7-8ad5-4ea3-ad70-34e312b79ffe 3
rr_event 506920c7-8ad5-4ea3-ad70-34e312b79ffe 3
rr_event 506920c7-8ad5-4ea3-ad70-34e312b79ffe 3
rr_event 506920c7-8ad5-4ea3-ad70-34e312b79ffe 3
rr_event 506920c7-8ad5-4ea3-ad70-34e312b79ffe 3
rr_event 506920c7-8ad5-4ea3-ad70-34e312b79ffe 3
rr_event 506920c7-8ad5-4ea3-ad70-34e312b79ffe 3
rr_event 506920c7-8ad5-4ea3-ad70-34e312b79ffe 3
rr_event 506920c7-8ad5-4ea3-ad70-34e312b79ffe 3
rr_event 506920c7-8ad5-4ea3-ad70-34e312b79ffe 3
rr_event 506920c7-8ad5-4ea3-ad70-34e312b79ffe 3
rr_event 506920c7-8ad5-4ea3-ad70-34e312b79ffe 3
rr_event 506920c7-8ad5-4ea3-ad70-34e312b79ffe 3
rr_event 506920c7-8ad5-4ea3-ad70-34e312b79ffe 3
rr_event 506920c7-8ad5-4ea3-ad70-34e312b79ffe 3
rr_event 506920c7-8ad5-4ea3-ad70-34e312b79ffe 3
rr_event 506920c7-8ad5-4ea3-ad70-34e312b79ffe 3
rr_event 506920c7-8ad5-4ea3-ad70-34e312b79ffe 3
rr_event 506920c7-8ad5-4ea3-ad70-34e312b79ffe 3
rr_event 506920c7-8ad5-4ea3-ad70-34e312b79ffe 3
rr_event 506920c7-8ad5-4ea3-ad70-34e312b79ffe 3
rr_event 506920c7-8ad5-4ea3-ad70-34e312b79ffe 3
rr_event 506920c7-8ad5-4ea3-ad70-34e312b79ffe 3
rr_event 506920c7-8ad5-4ea3-ad70-34e312b79ffe 3
rr_event 506920c7-8ad5-4ea3-ad70-34e312b79ffe 3
rr_event 506920c7-8ad5-4ea3-ad70-34e312b79ffe 3
rr_event 506920c7-8ad5-4ea3-ad70-34e312b79ffe 3
rr_event 506920c7-8ad5-4ea3-ad70-34e312b79ffe 3
rr_event 506920c7-8ad5-4ea3-ad70-34e312b79ffe 3
rr_event 506920c7-8ad5-4ea3-ad70-34e312b79ffe 3
rr_event 506920c7-8ad5-4ea3-ad70-34e312b79ffe 3
rr_event 506920c7-8ad5-4ea3-ad70-34e312b79ffe 3
rr_event 506920c7-8ad5-4ea3-ad70-34e312b79ffe 3
rr_event 506920c7-8ad5-4ea3-ad70-34e312b79ffe 3
rr_event 506920c7-8ad5-4ea3-ad70-34e312b79ffe 3
rr_event 506920c7-8ad5-4ea3-ad70-34e312b79ffe 3
rr_event 506920c7-8ad5-4ea3-ad70-34e312b79ffe 3
rr_event 506920c7-8ad5-4ea3-ad70-34e312b79ffe 3
rr_event 506920c7-8ad5-4ea3-ad70-34e312b79ffe 3
rr_event 506920c7-8ad5-4ea3-ad70-34e312b79ffe 3
rr_event 506920c7-8ad5-4ea3-ad70-34e312b79ffe 3
rr_event 506920c7-8ad5-4ea3-ad70-34e312b79ffe 3
rr_event 506920c7-8ad5-4ea3-ad70-34e312b79ffe 3
rr_event 506920c7-8ad5-4ea3-ad70-34e312b79ffe 3
rr_event 506920c7-8ad5-4ea3-ad70-34e312b79ffe 3
rr_event 506920c7-8ad5-4ea3-ad70-34e312b79ffe 3
rr_event 506920c7-8ad5-4ea3-ad70-34e312b79ffe 3
rr_event 506920c7-8ad5-4ea3-ad70-34e312b79ffe 3
rr_event 506920c7-8ad5-4ea3-ad70-34e312b79ffe 3
rr_event 506920c7-8ad5-4ea3-ad70-34e312b79ffe 3
rr_event 506920c7-8ad5-4ea3-ad70-34e312b79ffe 3
rr_event 506920c7-8ad5-4ea3-ad70-34e312b79ffe 3
rr_event 506920c7-8ad5-4ea3-ad70-34e312b79ffe 3
rr_event 506920c7-8ad5-4ea3-ad70-34e312b79ffe 3
rr_event 506920c7-8ad5-4ea3-ad70-34e312b79ffe 3
rr_event 506920c7-8ad5-4ea3-ad70-34e312b79ffe 3
rr_event 506920c7-8ad5-4ea3-ad70-34e312b79ffe 3
rr_event 506920c7-8ad5-4ea3-ad70-34e312b79ffe 3
rr_event 506920c7-8ad5-4ea3-ad70-34e312b79ffe 3
rr_event 506920c7-8ad5-4ea3-ad70-34e312b79ffe 3
rr_event 506920c7-8ad5-4ea3-ad70-34e312b79ffe 3
rr_event 506920c7-8ad5-4ea3-ad70-34e312b79ffe 3
rr_event 506920c7-8ad5-4ea3-ad70-34e312b79ffe 3
rr_event 506920c7-8ad5-4ea3-ad70-34e312b79ffe 3
rr_event 506920c7-8ad5-4ea3-ad70-34e312b79ffe 3
rr_event 506920c7-8ad5-4ea3-ad70-34e312b79ffe 3
rr_event 506920c7-8ad5-4ea3-ad70-34e312b79ffe 3
rr_event 506920c7-8ad5-4ea3-ad70-34e312b79ffe 3
rr_event 506920c7-8ad5-4ea3-ad70-34e312b79ffe 3
rr_event 506920c7-8ad5-4ea3-ad70-34e312b79ffe 3
rr_event 506920c7-8ad5-4ea3-ad70-34e312b79ffe 3
rr_event 506920c7-8ad5-4ea3-ad70-34e312b79ffe 3
rr_event 506920c7-8ad5-4ea3-ad70-34e312b79ffe 3
rr_event 506920c7-8ad5-4ea3-ad70-34e312b79ffe 3
rr_event 506920c7-8ad5-4ea3-ad70-34e312b79ffe 3
rr_event 506920c7-8ad5-4ea3-ad70-34e312b79ffe 3
rr_event 506920c7-8ad5-4ea3-ad70-34e312b79ffe 3
rr_event 506920c7-8ad5-4ea3-ad70-34e312b79ffe 3
rr_event 506920c7-8ad5-4ea3-ad70-34e312b79ffe 3
rr_event 506920c7-8ad5-4ea3-ad70-34e312b79ffe 3
rr_event 506920c7-8ad5-4ea3-ad70-34e312b79ffe 3
rr_event 506920c7-8ad5-4ea3-ad70-34e312b79ffe 3
rr_event 506920c7-8ad5-4ea3-ad70-34e312b79ffe 3
rr_event 506920c7-8ad5-4ea3-ad70-34e312b79ffe 3
rr_event 506920c7-8ad5-4ea3-ad70-34e312b79ffe 3
rr_event 506920c7-8ad5-4ea3-ad70-34e312b79ffe 3
rr_event 506920c7-8ad5-4ea3-ad70-34e312b79ffe 3
rr_event 506920c7-8ad5-4ea3-ad70-34e312b79ffe 3
rr_event 506920c7-8ad5-4ea3-ad70-34e312b79ffe 3
rr_event 506920c7-8ad5-4ea3-ad70-34e312b79ffe 3
rr_event 506920c7-8ad5-4ea3-ad70-34e312b79ffe 3
rr_event 506920c7-8ad5-4ea3-ad70-34e312b79ffe 3
rr_event 506920c7-8ad5-4ea3-ad70-34e312b79ffe 3
rr_event 506920c7-8ad5-4ea3-ad70-34e312b79ffe 3
rr_event 506920c7-8ad5-4ea3-ad70-34e312b79ffe 3
rr_event 506920c7-8ad5-4ea3-ad70-34e312b79ffe 3
rr_event 506920c7-8ad5-4ea3-ad70-34e312b79ffe 3
rr_event 506920c7-8ad5-4ea3-ad70-34e312b79ffe 3
rr_event 506920c7-8ad5-4ea3-ad70-34e312b79ffe 3
rr_event 506920c7-8ad5-4ea3-ad70-34e312b79ffe 3
rr_event 506920c7-8ad5-4ea3-ad70-34e312b79ffe 3
rr_event 506920c7-8ad5-4ea3-ad70-34e312b79ffe 3
rr_event 506920c7-8ad5-4ea3-ad70-34e312b79ffe 3
rr_event 506920c7-8ad5-4ea3-ad70-34e312b79ffe 3
rr_event 506920c7-8ad5-4ea3-ad70-34e312b79ffe 3
rr_event 506920c7-8ad5-4ea3-ad70-34e312b79ffe 3
rr_event 506920c7-8ad5-4ea3-ad70-34e312b79ffe 3
rr_event 506920c7-8ad5-4ea3-ad70-34e312b79ffe 3
rr_event 506920c7-8ad5-4ea3-ad70-34e312b79ffe 3
rr_event 506920c7-8ad5-4ea3-ad70-34e312b79ffe 3
rr_event 506920c7-8ad5-4ea3-ad70-34e312b79ffe 3
rr_event 506920c7-8ad5-4ea3-ad70-34e312b79ffe 3
rr_event 506920c7-8ad5-4ea3-ad70-34e312b79ffe 3
rr_event 506920c7-8ad5-4ea3-ad70-34e312b79ffe 3
rr_event 506920c7-8ad5-4ea3-ad70-34e312b79ffe 3
rr_event 506920c7-8ad5-4ea3-ad70-34e312b79ffe 3
rr_event 506920c7-8ad5-4ea3-ad70-34e312b79ffe 3
socket connected: M-t4R5jySM5-FzYOAABF
rr_event 1cd9f280-7b9b-4639-84c0-0ca74d12dfe1 4
socket disconnected M-t4R5jySM5-FzYOAABF transport error
socket connected: OJiFQDyWNr8CKMmeAABH
rr_event 1cd9f280-7b9b-4639-84c0-0ca74d12dfe1 3
rr_event 1cd9f280-7b9b-4639-84c0-0ca74d12dfe1 3
rr_event 1cd9f280-7b9b-4639-84c0-0ca74d12dfe1 3
rr_event 1cd9f280-7b9b-4639-84c0-0ca74d12dfe1 3
rr_event 1cd9f280-7b9b-4639-84c0-0ca74d12dfe1 3
rr_event 1cd9f280-7b9b-4639-84c0-0ca74d12dfe1 3
rr_event 1cd9f280-7b9b-4639-84c0-0ca74d12dfe1 3
rr_event 1cd9f280-7b9b-4639-84c0-0ca74d12dfe1 3
rr_event 1cd9f280-7b9b-4639-84c0-0ca74d12dfe1 3
rr_event 1cd9f280-7b9b-4639-84c0-0ca74d12dfe1 3
rr_event 1cd9f280-7b9b-4639-84c0-0ca74d12dfe1 3
rr_event 1cd9f280-7b9b-4639-84c0-0ca74d12dfe1 3
rr_event 1cd9f280-7b9b-4639-84c0-0ca74d12dfe1 3
rr_event 1cd9f280-7b9b-4639-84c0-0ca74d12dfe1 3
rr_event 1cd9f280-7b9b-4639-84c0-0ca74d12dfe1 3
rr_event 1cd9f280-7b9b-4639-84c0-0ca74d12dfe1 3
rr_event 1cd9f280-7b9b-4639-84c0-0ca74d12dfe1 3
rr_event 1cd9f280-7b9b-4639-84c0-0ca74d12dfe1 3
rr_event 1cd9f280-7b9b-4639-84c0-0ca74d12dfe1 3
rr_event 1cd9f280-7b9b-4639-84c0-0ca74d12dfe1 3
rr_event 1cd9f280-7b9b-4639-84c0-0ca74d12dfe1 3
rr_event 1cd9f280-7b9b-4639-84c0-0ca74d12dfe1 3
rr_event 1cd9f280-7b9b-4639-84c0-0ca74d12dfe1 3
rr_event 1cd9f280-7b9b-4639-84c0-0ca74d12dfe1 3
auth attempt {
  session_name: '1cd9f280-7b9b-4639-84c0-0ca74d12dfe1',
  token: 'fdb06b12e3894a95b7ba09730bd94a55',
  role: 'target'
}
socket auth validated ok for 1cd9f280-7b9b-4639-84c0-0ca74d12dfe1
rr_event 1cd9f280-7b9b-4639-84c0-0ca74d12dfe1 3
rr_event 1cd9f280-7b9b-4639-84c0-0ca74d12dfe1 3
rr_event 1cd9f280-7b9b-4639-84c0-0ca74d12dfe1 3
rr_event 1cd9f280-7b9b-4639-84c0-0ca74d12dfe1 3
rr_event 1cd9f280-7b9b-4639-84c0-0ca74d12dfe1 3
rr_event 1cd9f280-7b9b-4639-84c0-0ca74d12dfe1 3
rr_event 1cd9f280-7b9b-4639-84c0-0ca74d12dfe1 3
rr_event 1cd9f280-7b9b-4639-84c0-0ca74d12dfe1 3
rr_event 1cd9f280-7b9b-4639-84c0-0ca74d12dfe1 3
rr_event 1cd9f280-7b9b-4639-84c0-0ca74d12dfe1 3
rr_event 1cd9f280-7b9b-4639-84c0-0ca74d12dfe1 3
rr_event 1cd9f280-7b9b-4639-84c0-0ca74d12dfe1 3
rr_event 1cd9f280-7b9b-4639-84c0-0ca74d12dfe1 3
rr_event 1cd9f280-7b9b-4639-84c0-0ca74d12dfe1 3
rr_event 1cd9f280-7b9b-4639-84c0-0ca74d12dfe1 3
rr_event 1cd9f280-7b9b-4639-84c0-0ca74d12dfe1 3
rr_event 1cd9f280-7b9b-4639-84c0-0ca74d12dfe1 3
rr_event 1cd9f280-7b9b-4639-84c0-0ca74d12dfe1 3
rr_event 1cd9f280-7b9b-4639-84c0-0ca74d12dfe1 3
rr_event 1cd9f280-7b9b-4639-84c0-0ca74d12dfe1 3
rr_event 1cd9f280-7b9b-4639-84c0-0ca74d12dfe1 3
rr_event 1cd9f280-7b9b-4639-84c0-0ca74d12dfe1 3
rr_event 1cd9f280-7b9b-4639-84c0-0ca74d12dfe1 3
rr_event 1cd9f280-7b9b-4639-84c0-0ca74d12dfe1 3
rr_event 1cd9f280-7b9b-4639-84c0-0ca74d12dfe1 3
rr_event 1cd9f280-7b9b-4639-84c0-0ca74d12dfe1 3
rr_event 1cd9f280-7b9b-4639-84c0-0ca74d12dfe1 3
rr_event 1cd9f280-7b9b-4639-84c0-0ca74d12dfe1 3
rr_event 1cd9f280-7b9b-4639-84c0-0ca74d12dfe1 3
rr_event 1cd9f280-7b9b-4639-84c0-0ca74d12dfe1 3
rr_event 1cd9f280-7b9b-4639-84c0-0ca74d12dfe1 3
rr_event 1cd9f280-7b9b-4639-84c0-0ca74d12dfe1 3
rr_event 1cd9f280-7b9b-4639-84c0-0ca74d12dfe1 3
rr_event 1cd9f280-7b9b-4639-84c0-0ca74d12dfe1 3
rr_event 1cd9f280-7b9b-4639-84c0-0ca74d12dfe1 3
rr_event 1cd9f280-7b9b-4639-84c0-0ca74d12dfe1 3
rr_event 1cd9f280-7b9b-4639-84c0-0ca74d12dfe1 3
rr_event 1cd9f280-7b9b-4639-84c0-0ca74d12dfe1 3
rr_event 1cd9f280-7b9b-4639-84c0-0ca74d12dfe1 3
rr_event 1cd9f280-7b9b-4639-84c0-0ca74d12dfe1 3
rr_event 1cd9f280-7b9b-4639-84c0-0ca74d12dfe1 3
rr_event 1cd9f280-7b9b-4639-84c0-0ca74d12dfe1 3
rr_event 1cd9f280-7b9b-4639-84c0-0ca74d12dfe1 3
rr_event 1cd9f280-7b9b-4639-84c0-0ca74d12dfe1 3
rr_event 1cd9f280-7b9b-4639-84c0-0ca74d12dfe1 3
rr_event 1cd9f280-7b9b-4639-84c0-0ca74d12dfe1 3
rr_event 1cd9f280-7b9b-4639-84c0-0ca74d12dfe1 3
rr_event 1cd9f280-7b9b-4639-84c0-0ca74d12dfe1 3
rr_event 1cd9f280-7b9b-4639-84c0-0ca74d12dfe1 3
rr_event 1cd9f280-7b9b-4639-84c0-0ca74d12dfe1 3
rr_event 1cd9f280-7b9b-4639-84c0-0ca74d12dfe1 3
rr_event 1cd9f280-7b9b-4639-84c0-0ca74d12dfe1 3
rr_event 1cd9f280-7b9b-4639-84c0-0ca74d12dfe1 3
rr_event 1cd9f280-7b9b-4639-84c0-0ca74d12dfe1 3
rr_event 1cd9f280-7b9b-4639-84c0-0ca74d12dfe1 3
rr_event 1cd9f280-7b9b-4639-84c0-0ca74d12dfe1 3
rr_event 1cd9f280-7b9b-4639-84c0-0ca74d12dfe1 3
rr_event 1cd9f280-7b9b-4639-84c0-0ca74d12dfe1 3
rr_event 1cd9f280-7b9b-4639-84c0-0ca74d12dfe1 3
rr_event 1cd9f280-7b9b-4639-84c0-0ca74d12dfe1 3
rr_event 1cd9f280-7b9b-4639-84c0-0ca74d12dfe1 3
rr_event 1cd9f280-7b9b-4639-84c0-0ca74d12dfe1 3
rr_event 1cd9f280-7b9b-4639-84c0-0ca74d12dfe1 3
rr_event 1cd9f280-7b9b-4639-84c0-0ca74d12dfe1 3
rr_event 1cd9f280-7b9b-4639-84c0-0ca74d12dfe1 3
rr_event 1cd9f280-7b9b-4639-84c0-0ca74d12dfe1 3
rr_event 1cd9f280-7b9b-4639-84c0-0ca74d12dfe1 3
rr_event 1cd9f280-7b9b-4639-84c0-0ca74d12dfe1 3
rr_event 1cd9f280-7b9b-4639-84c0-0ca74d12dfe1 3
rr_event 1cd9f280-7b9b-4639-84c0-0ca74d12dfe1 3
rr_event 1cd9f280-7b9b-4639-84c0-0ca74d12dfe1 3
rr_event 1cd9f280-7b9b-4639-84c0-0ca74d12dfe1 3
rr_event 1cd9f280-7b9b-4639-84c0-0ca74d12dfe1 3
rr_event 1cd9f280-7b9b-4639-84c0-0ca74d12dfe1 3
rr_event 1cd9f280-7b9b-4639-84c0-0ca74d12dfe1 3
rr_event 1cd9f280-7b9b-4639-84c0-0ca74d12dfe1 3
rr_event 1cd9f280-7b9b-4639-84c0-0ca74d12dfe1 3
rr_event 1cd9f280-7b9b-4639-84c0-0ca74d12dfe1 3
rr_event 1cd9f280-7b9b-4639-84c0-0ca74d12dfe1 3
rr_event 1cd9f280-7b9b-4639-84c0-0ca74d12dfe1 3
rr_event 1cd9f280-7b9b-4639-84c0-0ca74d12dfe1 3
rr_event 1cd9f280-7b9b-4639-84c0-0ca74d12dfe1 3
rr_event 1cd9f280-7b9b-4639-84c0-0ca74d12dfe1 3
rr_event 1cd9f280-7b9b-4639-84c0-0ca74d12dfe1 3
rr_event 1cd9f280-7b9b-4639-84c0-0ca74d12dfe1 3
rr_event 1cd9f280-7b9b-4639-84c0-0ca74d12dfe1 3
rr_event 1cd9f280-7b9b-4639-84c0-0ca74d12dfe1 3
rr_event 1cd9f280-7b9b-4639-84c0-0ca74d12dfe1 3
rr_event 1cd9f280-7b9b-4639-84c0-0ca74d12dfe1 3
rr_event 1cd9f280-7b9b-4639-84c0-0ca74d12dfe1 3
rr_event 1cd9f280-7b9b-4639-84c0-0ca74d12dfe1 3
rr_event 1cd9f280-7b9b-4639-84c0-0ca74d12dfe1 3
rr_event 1cd9f280-7b9b-4639-84c0-0ca74d12dfe1 3
rr_event 1cd9f280-7b9b-4639-84c0-0ca74d12dfe1 3
rr_event 1cd9f280-7b9b-4639-84c0-0ca74d12dfe1 3
rr_event 1cd9f280-7b9b-4639-84c0-0ca74d12dfe1 3
rr_event 1cd9f280-7b9b-4639-84c0-0ca74d12dfe1 3
rr_event 1cd9f280-7b9b-4639-84c0-0ca74d12dfe1 3
rr_event 1cd9f280-7b9b-4639-84c0-0ca74d12dfe1 3
rr_event 1cd9f280-7b9b-4639-84c0-0ca74d12dfe1 3
rr_event 1cd9f280-7b9b-4639-84c0-0ca74d12dfe1 3
rr_event 1cd9f280-7b9b-4639-84c0-0ca74d12dfe1 3
rr_event 1cd9f280-7b9b-4639-84c0-0ca74d12dfe1 3
rr_event 1cd9f280-7b9b-4639-84c0-0ca74d12dfe1 3
rr_event 1cd9f280-7b9b-4639-84c0-0ca74d12dfe1 3
rr_event 1cd9f280-7b9b-4639-84c0-0ca74d12dfe1 3
rr_event 1cd9f280-7b9b-4639-84c0-0ca74d12dfe1 3
rr_event 1cd9f280-7b9b-4639-84c0-0ca74d12dfe1 3
rr_event 1cd9f280-7b9b-4639-84c0-0ca74d12dfe1 3
rr_event 1cd9f280-7b9b-4639-84c0-0ca74d12dfe1 3
rr_event 1cd9f280-7b9b-4639-84c0-0ca74d12dfe1 3
rr_event 1cd9f280-7b9b-4639-84c0-0ca74d12dfe1 3
rr_event 1cd9f280-7b9b-4639-84c0-0ca74d12dfe1 3
rr_event 1cd9f280-7b9b-4639-84c0-0ca74d12dfe1 3
rr_event 1cd9f280-7b9b-4639-84c0-0ca74d12dfe1 3
rr_event 1cd9f280-7b9b-4639-84c0-0ca74d12dfe1 3
rr_event 1cd9f280-7b9b-4639-84c0-0ca74d12dfe1 3
rr_event 1cd9f280-7b9b-4639-84c0-0ca74d12dfe1 3
rr_event 1cd9f280-7b9b-4639-84c0-0ca74d12dfe1 3
rr_event 1cd9f280-7b9b-4639-84c0-0ca74d12dfe1 3
rr_event 1cd9f280-7b9b-4639-84c0-0ca74d12dfe1 3
rr_event 1cd9f280-7b9b-4639-84c0-0ca74d12dfe1 3
rr_event 1cd9f280-7b9b-4639-84c0-0ca74d12dfe1 3
rr_event 1cd9f280-7b9b-4639-84c0-0ca74d12dfe1 3
rr_event 1cd9f280-7b9b-4639-84c0-0ca74d12dfe1 3
rr_event 1cd9f280-7b9b-4639-84c0-0ca74d12dfe1 3
rr_event 1cd9f280-7b9b-4639-84c0-0ca74d12dfe1 3
rr_event 1cd9f280-7b9b-4639-84c0-0ca74d12dfe1 3
rr_event 1cd9f280-7b9b-4639-84c0-0ca74d12dfe1 3
rr_event 1cd9f280-7b9b-4639-84c0-0ca74d12dfe1 3
rr_event 1cd9f280-7b9b-4639-84c0-0ca74d12dfe1 3
rr_event 1cd9f280-7b9b-4639-84c0-0ca74d12dfe1 3
rr_event 1cd9f280-7b9b-4639-84c0-0ca74d12dfe1 3
rr_event 1cd9f280-7b9b-4639-84c0-0ca74d12dfe1 3
rr_event 1cd9f280-7b9b-4639-84c0-0ca74d12dfe1 3
rr_event 1cd9f280-7b9b-4639-84c0-0ca74d12dfe1 3
rr_event 1cd9f280-7b9b-4639-84c0-0ca74d12dfe1 3
rr_event 1cd9f280-7b9b-4639-84c0-0ca74d12dfe1 3
rr_event 1cd9f280-7b9b-4639-84c0-0ca74d12dfe1 3
rr_event 1cd9f280-7b9b-4639-84c0-0ca74d12dfe1 3
rr_event 1cd9f280-7b9b-4639-84c0-0ca74d12dfe1 3
rr_event 1cd9f280-7b9b-4639-84c0-0ca74d12dfe1 3
rr_event 1cd9f280-7b9b-4639-84c0-0ca74d12dfe1 3
rr_event 1cd9f280-7b9b-4639-84c0-0ca74d12dfe1 3
rr_event 1cd9f280-7b9b-4639-84c0-0ca74d12dfe1 3
rr_event 1cd9f280-7b9b-4639-84c0-0ca74d12dfe1 3
rr_event 1cd9f280-7b9b-4639-84c0-0ca74d12dfe1 3
rr_event 1cd9f280-7b9b-4639-84c0-0ca74d12dfe1 3
rr_event 1cd9f280-7b9b-4639-84c0-0ca74d12dfe1 3
rr_event 1cd9f280-7b9b-4639-84c0-0ca74d12dfe1 3
rr_event 1cd9f280-7b9b-4639-84c0-0ca74d12dfe1 3
rr_event 1cd9f280-7b9b-4639-84c0-0ca74d12dfe1 3
rr_event 1cd9f280-7b9b-4639-84c0-0ca74d12dfe1 3
rr_event 1cd9f280-7b9b-4639-84c0-0ca74d12dfe1 3
rr_event 1cd9f280-7b9b-4639-84c0-0ca74d12dfe1 3
rr_event 1cd9f280-7b9b-4639-84c0-0ca74d12dfe1 3
rr_event 1cd9f280-7b9b-4639-84c0-0ca74d12dfe1 3
rr_event 1cd9f280-7b9b-4639-84c0-0ca74d12dfe1 3
rr_event 1cd9f280-7b9b-4639-84c0-0ca74d12dfe1 3
rr_event 1cd9f280-7b9b-4639-84c0-0ca74d12dfe1 3
rr_event 1cd9f280-7b9b-4639-84c0-0ca74d12dfe1 3
rr_event 1cd9f280-7b9b-4639-84c0-0ca74d12dfe1 3
rr_event 1cd9f280-7b9b-4639-84c0-0ca74d12dfe1 3
rr_event 1cd9f280-7b9b-4639-84c0-0ca74d12dfe1 3
rr_event 1cd9f280-7b9b-4639-84c0-0ca74d12dfe1 3
rr_event 1cd9f280-7b9b-4639-84c0-0ca74d12dfe1 3
rr_event 1cd9f280-7b9b-4639-84c0-0ca74d12dfe1 3
rr_event 1cd9f280-7b9b-4639-84c0-0ca74d12dfe1 3
rr_event 1cd9f280-7b9b-4639-84c0-0ca74d12dfe1 3
rr_event 1cd9f280-7b9b-4639-84c0-0ca74d12dfe1 3
rr_event 1cd9f280-7b9b-4639-84c0-0ca74d12dfe1 3
rr_event 1cd9f280-7b9b-4639-84c0-0ca74d12dfe1 3
rr_event 1cd9f280-7b9b-4639-84c0-0ca74d12dfe1 3
rr_event 1cd9f280-7b9b-4639-84c0-0ca74d12dfe1 3
rr_event 1cd9f280-7b9b-4639-84c0-0ca74d12dfe1 3
rr_event 1cd9f280-7b9b-4639-84c0-0ca74d12dfe1 3
rr_event 1cd9f280-7b9b-4639-84c0-0ca74d12dfe1 3
rr_event 1cd9f280-7b9b-4639-84c0-0ca74d12dfe1 3
rr_event 1cd9f280-7b9b-4639-84c0-0ca74d12dfe1 3
rr_event 1cd9f280-7b9b-4639-84c0-0ca74d12dfe1 3
rr_event 1cd9f280-7b9b-4639-84c0-0ca74d12dfe1 3
rr_event 1cd9f280-7b9b-4639-84c0-0ca74d12dfe1 3
rr_event 1cd9f280-7b9b-4639-84c0-0ca74d12dfe1 3
rr_event 1cd9f280-7b9b-4639-84c0-0ca74d12dfe1 3
rr_event 1cd9f280-7b9b-4639-84c0-0ca74d12dfe1 3
rr_event 1cd9f280-7b9b-4639-84c0-0ca74d12dfe1 3
rr_event 1cd9f280-7b9b-4639-84c0-0ca74d12dfe1 3
rr_event 1cd9f280-7b9b-4639-84c0-0ca74d12dfe1 3
rr_event 1cd9f280-7b9b-4639-84c0-0ca74d12dfe1 3
rr_event 1cd9f280-7b9b-4639-84c0-0ca74d12dfe1 3
rr_event 1cd9f280-7b9b-4639-84c0-0ca74d12dfe1 3
rr_event 1cd9f280-7b9b-4639-84c0-0ca74d12dfe1 3
rr_event 1cd9f280-7b9b-4639-84c0-0ca74d12dfe1 3
rr_event 1cd9f280-7b9b-4639-84c0-0ca74d12dfe1 3
rr_event 1cd9f280-7b9b-4639-84c0-0ca74d12dfe1 3
rr_event 1cd9f280-7b9b-4639-84c0-0ca74d12dfe1 3
rr_event 1cd9f280-7b9b-4639-84c0-0ca74d12dfe1 3
rr_event 1cd9f280-7b9b-4639-84c0-0ca74d12dfe1 3
rr_event 1cd9f280-7b9b-4639-84c0-0ca74d12dfe1 3
rr_event 1cd9f280-7b9b-4639-84c0-0ca74d12dfe1 3
rr_event 1cd9f280-7b9b-4639-84c0-0ca74d12dfe1 3
rr_event 1cd9f280-7b9b-4639-84c0-0ca74d12dfe1 3
rr_event 1cd9f280-7b9b-4639-84c0-0ca74d12dfe1 3
rr_event 1cd9f280-7b9b-4639-84c0-0ca74d12dfe1 3
rr_event 1cd9f280-7b9b-4639-84c0-0ca74d12dfe1 3
rr_event 1cd9f280-7b9b-4639-84c0-0ca74d12dfe1 3
rr_event 1cd9f280-7b9b-4639-84c0-0ca74d12dfe1 3
rr_event 1cd9f280-7b9b-4639-84c0-0ca74d12dfe1 3
rr_event 1cd9f280-7b9b-4639-84c0-0ca74d12dfe1 3
rr_event 1cd9f280-7b9b-4639-84c0-0ca74d12dfe1 3
rr_event 1cd9f280-7b9b-4639-84c0-0ca74d12dfe1 3
rr_event 1cd9f280-7b9b-4639-84c0-0ca74d12dfe1 3
rr_event 1cd9f280-7b9b-4639-84c0-0ca74d12dfe1 3
rr_event 1cd9f280-7b9b-4639-84c0-0ca74d12dfe1 3
rr_event 1cd9f280-7b9b-4639-84c0-0ca74d12dfe1 3
rr_event 1cd9f280-7b9b-4639-84c0-0ca74d12dfe1 3
rr_event 1cd9f280-7b9b-4639-84c0-0ca74d12dfe1 3
rr_event 1cd9f280-7b9b-4639-84c0-0ca74d12dfe1 3
rr_event 1cd9f280-7b9b-4639-84c0-0ca74d12dfe1 3
rr_event 1cd9f280-7b9b-4639-84c0-0ca74d12dfe1 3
rr_event 1cd9f280-7b9b-4639-84c0-0ca74d12dfe1 3
rr_event 1cd9f280-7b9b-4639-84c0-0ca74d12dfe1 3
rr_event 1cd9f280-7b9b-4639-84c0-0ca74d12dfe1 3
rr_event 1cd9f280-7b9b-4639-84c0-0ca74d12dfe1 3
rr_event 1cd9f280-7b9b-4639-84c0-0ca74d12dfe1 3
rr_event 1cd9f280-7b9b-4639-84c0-0ca74d12dfe1 3
rr_event 1cd9f280-7b9b-4639-84c0-0ca74d12dfe1 3
rr_event 1cd9f280-7b9b-4639-84c0-0ca74d12dfe1 3
rr_event 1cd9f280-7b9b-4639-84c0-0ca74d12dfe1 3
rr_event 1cd9f280-7b9b-4639-84c0-0ca74d12dfe1 3
rr_event 1cd9f280-7b9b-4639-84c0-0ca74d12dfe1 3
rr_event 1cd9f280-7b9b-4639-84c0-0ca74d12dfe1 3
rr_event 1cd9f280-7b9b-4639-84c0-0ca74d12dfe1 3
rr_event 1cd9f280-7b9b-4639-84c0-0ca74d12dfe1 3
rr_event 1cd9f280-7b9b-4639-84c0-0ca74d12dfe1 3
rr_event 1cd9f280-7b9b-4639-84c0-0ca74d12dfe1 3
rr_event 1cd9f280-7b9b-4639-84c0-0ca74d12dfe1 3
rr_event 1cd9f280-7b9b-4639-84c0-0ca74d12dfe1 3
rr_event 1cd9f280-7b9b-4639-84c0-0ca74d12dfe1 3
rr_event 1cd9f280-7b9b-4639-84c0-0ca74d12dfe1 3
rr_event 1cd9f280-7b9b-4639-84c0-0ca74d12dfe1 3
rr_event 1cd9f280-7b9b-4639-84c0-0ca74d12dfe1 3
rr_event 1cd9f280-7b9b-4639-84c0-0ca74d12dfe1 3
rr_event 1cd9f280-7b9b-4639-84c0-0ca74d12dfe1 3
rr_event 1cd9f280-7b9b-4639-84c0-0ca74d12dfe1 3
rr_event 1cd9f280-7b9b-4639-84c0-0ca74d12dfe1 3
rr_event 1cd9f280-7b9b-4639-84c0-0ca74d12dfe1 3
rr_event 1cd9f280-7b9b-4639-84c0-0ca74d12dfe1 3
rr_event 1cd9f280-7b9b-4639-84c0-0ca74d12dfe1 3
rr_event 1cd9f280-7b9b-4639-84c0-0ca74d12dfe1 3
rr_event 1cd9f280-7b9b-4639-84c0-0ca74d12dfe1 3
rr_event 1cd9f280-7b9b-4639-84c0-0ca74d12dfe1 3
rr_event 1cd9f280-7b9b-4639-84c0-0ca74d12dfe1 3
rr_event 1cd9f280-7b9b-4639-84c0-0ca74d12dfe1 3
rr_event 1cd9f280-7b9b-4639-84c0-0ca74d12dfe1 3
rr_event 1cd9f280-7b9b-4639-84c0-0ca74d12dfe1 3
rr_event 1cd9f280-7b9b-4639-84c0-0ca74d12dfe1 3
rr_event 1cd9f280-7b9b-4639-84c0-0ca74d12dfe1 3
rr_event 1cd9f280-7b9b-4639-84c0-0ca74d12dfe1 3
rr_event 1cd9f280-7b9b-4639-84c0-0ca74d12dfe1 3
rr_event 1cd9f280-7b9b-4639-84c0-0ca74d12dfe1 3
rr_event 1cd9f280-7b9b-4639-84c0-0ca74d12dfe1 3
rr_event 1cd9f280-7b9b-4639-84c0-0ca74d12dfe1 3
rr_event 1cd9f280-7b9b-4639-84c0-0ca74d12dfe1 3
rr_event 1cd9f280-7b9b-4639-84c0-0ca74d12dfe1 3
rr_event 1cd9f280-7b9b-4639-84c0-0ca74d12dfe1 3
rr_event 1cd9f280-7b9b-4639-84c0-0ca74d12dfe1 3
rr_event 1cd9f280-7b9b-4639-84c0-0ca74d12dfe1 3
rr_event 1cd9f280-7b9b-4639-84c0-0ca74d12dfe1 3
rr_event 1cd9f280-7b9b-4639-84c0-0ca74d12dfe1 3
rr_event 1cd9f280-7b9b-4639-84c0-0ca74d12dfe1 3
rr_event 1cd9f280-7b9b-4639-84c0-0ca74d12dfe1 3
rr_event 1cd9f280-7b9b-4639-84c0-0ca74d12dfe1 3
rr_event 1cd9f280-7b9b-4639-84c0-0ca74d12dfe1 3
rr_event 1cd9f280-7b9b-4639-84c0-0ca74d12dfe1 3
rr_event 1cd9f280-7b9b-4639-84c0-0ca74d12dfe1 3
rr_event 1cd9f280-7b9b-4639-84c0-0ca74d12dfe1 3
rr_event 1cd9f280-7b9b-4639-84c0-0ca74d12dfe1 3
rr_event 1cd9f280-7b9b-4639-84c0-0ca74d12dfe1 3
rr_event 1cd9f280-7b9b-4639-84c0-0ca74d12dfe1 3
rr_event 1cd9f280-7b9b-4639-84c0-0ca74d12dfe1 3
rr_event 1cd9f280-7b9b-4639-84c0-0ca74d12dfe1 3
rr_event 1cd9f280-7b9b-4639-84c0-0ca74d12dfe1 3
rr_event 1cd9f280-7b9b-4639-84c0-0ca74d12dfe1 3
rr_event 1cd9f280-7b9b-4639-84c0-0ca74d12dfe1 3
rr_event 1cd9f280-7b9b-4639-84c0-0ca74d12dfe1 3
rr_event 1cd9f280-7b9b-4639-84c0-0ca74d12dfe1 3
rr_event 1cd9f280-7b9b-4639-84c0-0ca74d12dfe1 3
rr_event 1cd9f280-7b9b-4639-84c0-0ca74d12dfe1 3
rr_event 1cd9f280-7b9b-4639-84c0-0ca74d12dfe1 3
rr_event 1cd9f280-7b9b-4639-84c0-0ca74d12dfe1 3
rr_event 1cd9f280-7b9b-4639-84c0-0ca74d12dfe1 3
rr_event 1cd9f280-7b9b-4639-84c0-0ca74d12dfe1 3
rr_event 1cd9f280-7b9b-4639-84c0-0ca74d12dfe1 3
rr_event 1cd9f280-7b9b-4639-84c0-0ca74d12dfe1 3
rr_event 1cd9f280-7b9b-4639-84c0-0ca74d12dfe1 3
rr_event 1cd9f280-7b9b-4639-84c0-0ca74d12dfe1 3
rr_event 1cd9f280-7b9b-4639-84c0-0ca74d12dfe1 3
rr_event 1cd9f280-7b9b-4639-84c0-0ca74d12dfe1 3
rr_event 1cd9f280-7b9b-4639-84c0-0ca74d12dfe1 3
rr_event 1cd9f280-7b9b-4639-84c0-0ca74d12dfe1 3
rr_event 1cd9f280-7b9b-4639-84c0-0ca74d12dfe1 3
rr_event 1cd9f280-7b9b-4639-84c0-0ca74d12dfe1 3
rr_event 1cd9f280-7b9b-4639-84c0-0ca74d12dfe1 3
rr_event 1cd9f280-7b9b-4639-84c0-0ca74d12dfe1 3
rr_event 1cd9f280-7b9b-4639-84c0-0ca74d12dfe1 3
rr_event 1cd9f280-7b9b-4639-84c0-0ca74d12dfe1 3
rr_event 1cd9f280-7b9b-4639-84c0-0ca74d12dfe1 3
rr_event 1cd9f280-7b9b-4639-84c0-0ca74d12dfe1 3
rr_event 1cd9f280-7b9b-4639-84c0-0ca74d12dfe1 3
rr_event 1cd9f280-7b9b-4639-84c0-0ca74d12dfe1 3
rr_event 1cd9f280-7b9b-4639-84c0-0ca74d12dfe1 3
rr_event 1cd9f280-7b9b-4639-84c0-0ca74d12dfe1 3
rr_event 1cd9f280-7b9b-4639-84c0-0ca74d12dfe1 3
rr_event 1cd9f280-7b9b-4639-84c0-0ca74d12dfe1 3
rr_event 1cd9f280-7b9b-4639-84c0-0ca74d12dfe1 3
rr_event 1cd9f280-7b9b-4639-84c0-0ca74d12dfe1 3
rr_event 1cd9f280-7b9b-4639-84c0-0ca74d12dfe1 3
rr_event 1cd9f280-7b9b-4639-84c0-0ca74d12dfe1 3
rr_event 1cd9f280-7b9b-4639-84c0-0ca74d12dfe1 3
rr_event 1cd9f280-7b9b-4639-84c0-0ca74d12dfe1 3
rr_event 1cd9f280-7b9b-4639-84c0-0ca74d12dfe1 3
rr_event 1cd9f280-7b9b-4639-84c0-0ca74d12dfe1 3
rr_event 1cd9f280-7b9b-4639-84c0-0ca74d12dfe1 3
rr_event 1cd9f280-7b9b-4639-84c0-0ca74d12dfe1 3
rr_event 1cd9f280-7b9b-4639-84c0-0ca74d12dfe1 3
rr_event 1cd9f280-7b9b-4639-84c0-0ca74d12dfe1 3
rr_event 1cd9f280-7b9b-4639-84c0-0ca74d12dfe1 3
rr_event 1cd9f280-7b9b-4639-84c0-0ca74d12dfe1 3
rr_event 1cd9f280-7b9b-4639-84c0-0ca74d12dfe1 3
rr_event 1cd9f280-7b9b-4639-84c0-0ca74d12dfe1 3
rr_event 1cd9f280-7b9b-4639-84c0-0ca74d12dfe1 3
rr_event 1cd9f280-7b9b-4639-84c0-0ca74d12dfe1 3
rr_event 1cd9f280-7b9b-4639-84c0-0ca74d12dfe1 3
rr_event 1cd9f280-7b9b-4639-84c0-0ca74d12dfe1 3
rr_event 1cd9f280-7b9b-4639-84c0-0ca74d12dfe1 3
rr_event 1cd9f280-7b9b-4639-84c0-0ca74d12dfe1 3
rr_event 1cd9f280-7b9b-4639-84c0-0ca74d12dfe1 3
rr_event 1cd9f280-7b9b-4639-84c0-0ca74d12dfe1 3
rr_event 1cd9f280-7b9b-4639-84c0-0ca74d12dfe1 3
rr_event 1cd9f280-7b9b-4639-84c0-0ca74d12dfe1 3
rr_event 1cd9f280-7b9b-4639-84c0-0ca74d12dfe1 3
rr_event 1cd9f280-7b9b-4639-84c0-0ca74d12dfe1 3
rr_event 1cd9f280-7b9b-4639-84c0-0ca74d12dfe1 3
rr_event 1cd9f280-7b9b-4639-84c0-0ca74d12dfe1 3
rr_event 1cd9f280-7b9b-4639-84c0-0ca74d12dfe1 3
rr_event 1cd9f280-7b9b-4639-84c0-0ca74d12dfe1 3
rr_event 1cd9f280-7b9b-4639-84c0-0ca74d12dfe1 3
rr_event 1cd9f280-7b9b-4639-84c0-0ca74d12dfe1 3
rr_event 1cd9f280-7b9b-4639-84c0-0ca74d12dfe1 3
rr_event 1cd9f280-7b9b-4639-84c0-0ca74d12dfe1 3
rr_event 1cd9f280-7b9b-4639-84c0-0ca74d12dfe1 3
rr_event 1cd9f280-7b9b-4639-84c0-0ca74d12dfe1 3
rr_event 1cd9f280-7b9b-4639-84c0-0ca74d12dfe1 3
socket connected: u0zxhDJnH3SxjgV3AABJ
rr_event e2e9ba44-2eea-4a15-9207-997c13d9ffab 4
socket disconnected u0zxhDJnH3SxjgV3AABJ transport error
socket connected: cfbqHrOgVKWOzftvAABL
rr_event e2e9ba44-2eea-4a15-9207-997c13d9ffab 3
rr_event e2e9ba44-2eea-4a15-9207-997c13d9ffab 3
rr_event e2e9ba44-2eea-4a15-9207-997c13d9ffab 3
rr_event e2e9ba44-2eea-4a15-9207-997c13d9ffab 3
rr_event e2e9ba44-2eea-4a15-9207-997c13d9ffab 3
rr_event e2e9ba44-2eea-4a15-9207-997c13d9ffab 3
rr_event e2e9ba44-2eea-4a15-9207-997c13d9ffab 3
rr_event e2e9ba44-2eea-4a15-9207-997c13d9ffab 3
rr_event e2e9ba44-2eea-4a15-9207-997c13d9ffab 3
rr_event e2e9ba44-2eea-4a15-9207-997c13d9ffab 3
rr_event e2e9ba44-2eea-4a15-9207-997c13d9ffab 3
rr_event e2e9ba44-2eea-4a15-9207-997c13d9ffab 3
rr_event e2e9ba44-2eea-4a15-9207-997c13d9ffab 3
rr_event e2e9ba44-2eea-4a15-9207-997c13d9ffab 3
rr_event e2e9ba44-2eea-4a15-9207-997c13d9ffab 3
rr_event e2e9ba44-2eea-4a15-9207-997c13d9ffab 3
rr_event e2e9ba44-2eea-4a15-9207-997c13d9ffab 3
rr_event e2e9ba44-2eea-4a15-9207-997c13d9ffab 3
rr_event e2e9ba44-2eea-4a15-9207-997c13d9ffab 3
rr_event e2e9ba44-2eea-4a15-9207-997c13d9ffab 3
rr_event e2e9ba44-2eea-4a15-9207-997c13d9ffab 3
rr_event e2e9ba44-2eea-4a15-9207-997c13d9ffab 3
rr_event e2e9ba44-2eea-4a15-9207-997c13d9ffab 3
rr_event e2e9ba44-2eea-4a15-9207-997c13d9ffab 3
rr_event e2e9ba44-2eea-4a15-9207-997c13d9ffab 3
rr_event e2e9ba44-2eea-4a15-9207-997c13d9ffab 3
rr_event e2e9ba44-2eea-4a15-9207-997c13d9ffab 3
rr_event e2e9ba44-2eea-4a15-9207-997c13d9ffab 3
rr_event e2e9ba44-2eea-4a15-9207-997c13d9ffab 3
rr_event e2e9ba44-2eea-4a15-9207-997c13d9ffab 3
rr_event e2e9ba44-2eea-4a15-9207-997c13d9ffab 3
rr_event e2e9ba44-2eea-4a15-9207-997c13d9ffab 3
rr_event e2e9ba44-2eea-4a15-9207-997c13d9ffab 3
rr_event e2e9ba44-2eea-4a15-9207-997c13d9ffab 3
rr_event e2e9ba44-2eea-4a15-9207-997c13d9ffab 3
rr_event e2e9ba44-2eea-4a15-9207-997c13d9ffab 3
auth attempt {
  session_name: 'e2e9ba44-2eea-4a15-9207-997c13d9ffab',
  token: 'c65202421bc94ee99616c4b42ddfde6e',
  role: 'target'
}
socket auth validated ok for e2e9ba44-2eea-4a15-9207-997c13d9ffab
rr_event e2e9ba44-2eea-4a15-9207-997c13d9ffab 3
rr_event e2e9ba44-2eea-4a15-9207-997c13d9ffab 3
rr_event e2e9ba44-2eea-4a15-9207-997c13d9ffab 3
rr_event e2e9ba44-2eea-4a15-9207-997c13d9ffab 3
rr_event e2e9ba44-2eea-4a15-9207-997c13d9ffab 3
rr_event e2e9ba44-2eea-4a15-9207-997c13d9ffab 3
rr_event e2e9ba44-2eea-4a15-9207-997c13d9ffab 3
rr_event e2e9ba44-2eea-4a15-9207-997c13d9ffab 3
rr_event e2e9ba44-2eea-4a15-9207-997c13d9ffab 3
rr_event e2e9ba44-2eea-4a15-9207-997c13d9ffab 3
rr_event e2e9ba44-2eea-4a15-9207-997c13d9ffab 3
rr_event e2e9ba44-2eea-4a15-9207-997c13d9ffab 3
rr_event e2e9ba44-2eea-4a15-9207-997c13d9ffab 3
rr_event e2e9ba44-2eea-4a15-9207-997c13d9ffab 3
rr_event e2e9ba44-2eea-4a15-9207-997c13d9ffab 3
rr_event e2e9ba44-2eea-4a15-9207-997c13d9ffab 3
rr_event e2e9ba44-2eea-4a15-9207-997c13d9ffab 3
rr_event e2e9ba44-2eea-4a15-9207-997c13d9ffab 3
rr_event e2e9ba44-2eea-4a15-9207-997c13d9ffab 3
rr_event e2e9ba44-2eea-4a15-9207-997c13d9ffab 3
rr_event e2e9ba44-2eea-4a15-9207-997c13d9ffab 3
rr_event e2e9ba44-2eea-4a15-9207-997c13d9ffab 3
rr_event e2e9ba44-2eea-4a15-9207-997c13d9ffab 3
rr_event e2e9ba44-2eea-4a15-9207-997c13d9ffab 3
rr_event e2e9ba44-2eea-4a15-9207-997c13d9ffab 3
rr_event e2e9ba44-2eea-4a15-9207-997c13d9ffab 3
rr_event e2e9ba44-2eea-4a15-9207-997c13d9ffab 3
rr_event e2e9ba44-2eea-4a15-9207-997c13d9ffab 3
rr_event e2e9ba44-2eea-4a15-9207-997c13d9ffab 3
rr_event e2e9ba44-2eea-4a15-9207-997c13d9ffab 3
rr_event e2e9ba44-2eea-4a15-9207-997c13d9ffab 3
rr_event e2e9ba44-2eea-4a15-9207-997c13d9ffab 3
rr_event e2e9ba44-2eea-4a15-9207-997c13d9ffab 3
rr_event e2e9ba44-2eea-4a15-9207-997c13d9ffab 3
rr_event e2e9ba44-2eea-4a15-9207-997c13d9ffab 3
rr_event e2e9ba44-2eea-4a15-9207-997c13d9ffab 3
rr_event e2e9ba44-2eea-4a15-9207-997c13d9ffab 3
rr_event e2e9ba44-2eea-4a15-9207-997c13d9ffab 3
rr_event e2e9ba44-2eea-4a15-9207-997c13d9ffab 3
rr_event e2e9ba44-2eea-4a15-9207-997c13d9ffab 3
rr_event e2e9ba44-2eea-4a15-9207-997c13d9ffab 3
rr_event e2e9ba44-2eea-4a15-9207-997c13d9ffab 3
rr_event e2e9ba44-2eea-4a15-9207-997c13d9ffab 3
rr_event e2e9ba44-2eea-4a15-9207-997c13d9ffab 3
rr_event e2e9ba44-2eea-4a15-9207-997c13d9ffab 3
rr_event e2e9ba44-2eea-4a15-9207-997c13d9ffab 3
rr_event e2e9ba44-2eea-4a15-9207-997c13d9ffab 3
rr_event e2e9ba44-2eea-4a15-9207-997c13d9ffab 3
rr_event e2e9ba44-2eea-4a15-9207-997c13d9ffab 3
rr_event e2e9ba44-2eea-4a15-9207-997c13d9ffab 3
rr_event e2e9ba44-2eea-4a15-9207-997c13d9ffab 3
rr_event e2e9ba44-2eea-4a15-9207-997c13d9ffab 3
rr_event e2e9ba44-2eea-4a15-9207-997c13d9ffab 3
rr_event e2e9ba44-2eea-4a15-9207-997c13d9ffab 3
rr_event e2e9ba44-2eea-4a15-9207-997c13d9ffab 3
rr_event e2e9ba44-2eea-4a15-9207-997c13d9ffab 3
rr_event e2e9ba44-2eea-4a15-9207-997c13d9ffab 3
rr_event e2e9ba44-2eea-4a15-9207-997c13d9ffab 3
rr_event e2e9ba44-2eea-4a15-9207-997c13d9ffab 3
rr_event e2e9ba44-2eea-4a15-9207-997c13d9ffab 3
rr_event e2e9ba44-2eea-4a15-9207-997c13d9ffab 3
rr_event e2e9ba44-2eea-4a15-9207-997c13d9ffab 3
rr_event e2e9ba44-2eea-4a15-9207-997c13d9ffab 3
rr_event e2e9ba44-2eea-4a15-9207-997c13d9ffab 3
rr_event e2e9ba44-2eea-4a15-9207-997c13d9ffab 3
rr_event e2e9ba44-2eea-4a15-9207-997c13d9ffab 3
rr_event e2e9ba44-2eea-4a15-9207-997c13d9ffab 3
rr_event e2e9ba44-2eea-4a15-9207-997c13d9ffab 3
rr_event e2e9ba44-2eea-4a15-9207-997c13d9ffab 3
rr_event e2e9ba44-2eea-4a15-9207-997c13d9ffab 3
rr_event e2e9ba44-2eea-4a15-9207-997c13d9ffab 3
rr_event e2e9ba44-2eea-4a15-9207-997c13d9ffab 3
rr_event e2e9ba44-2eea-4a15-9207-997c13d9ffab 3
rr_event e2e9ba44-2eea-4a15-9207-997c13d9ffab 3
rr_event e2e9ba44-2eea-4a15-9207-997c13d9ffab 3
rr_event e2e9ba44-2eea-4a15-9207-997c13d9ffab 3
rr_event e2e9ba44-2eea-4a15-9207-997c13d9ffab 3
rr_event e2e9ba44-2eea-4a15-9207-997c13d9ffab 3
rr_event e2e9ba44-2eea-4a15-9207-997c13d9ffab 3
rr_event e2e9ba44-2eea-4a15-9207-997c13d9ffab 3
rr_event e2e9ba44-2eea-4a15-9207-997c13d9ffab 3
rr_event e2e9ba44-2eea-4a15-9207-997c13d9ffab 3
rr_event e2e9ba44-2eea-4a15-9207-997c13d9ffab 3
rr_event e2e9ba44-2eea-4a15-9207-997c13d9ffab 3
rr_event e2e9ba44-2eea-4a15-9207-997c13d9ffab 3
rr_event e2e9ba44-2eea-4a15-9207-997c13d9ffab 3
rr_event e2e9ba44-2eea-4a15-9207-997c13d9ffab 3
rr_event e2e9ba44-2eea-4a15-9207-997c13d9ffab 3
rr_event e2e9ba44-2eea-4a15-9207-997c13d9ffab 3
rr_event e2e9ba44-2eea-4a15-9207-997c13d9ffab 3
rr_event e2e9ba44-2eea-4a15-9207-997c13d9ffab 3
rr_event e2e9ba44-2eea-4a15-9207-997c13d9ffab 3
rr_event e2e9ba44-2eea-4a15-9207-997c13d9ffab 3
rr_event e2e9ba44-2eea-4a15-9207-997c13d9ffab 3
rr_event e2e9ba44-2eea-4a15-9207-997c13d9ffab 3
rr_event e2e9ba44-2eea-4a15-9207-997c13d9ffab 3
rr_event e2e9ba44-2eea-4a15-9207-997c13d9ffab 3
rr_event e2e9ba44-2eea-4a15-9207-997c13d9ffab 3
rr_event e2e9ba44-2eea-4a15-9207-997c13d9ffab 3
rr_event e2e9ba44-2eea-4a15-9207-997c13d9ffab 3
rr_event e2e9ba44-2eea-4a15-9207-997c13d9ffab 3
rr_event e2e9ba44-2eea-4a15-9207-997c13d9ffab 3
rr_event e2e9ba44-2eea-4a15-9207-997c13d9ffab 3
rr_event e2e9ba44-2eea-4a15-9207-997c13d9ffab 3
rr_event e2e9ba44-2eea-4a15-9207-997c13d9ffab 3
rr_event e2e9ba44-2eea-4a15-9207-997c13d9ffab 3
rr_event e2e9ba44-2eea-4a15-9207-997c13d9ffab 3
rr_event e2e9ba44-2eea-4a15-9207-997c13d9ffab 3
rr_event e2e9ba44-2eea-4a15-9207-997c13d9ffab 3
rr_event e2e9ba44-2eea-4a15-9207-997c13d9ffab 3
rr_event e2e9ba44-2eea-4a15-9207-997c13d9ffab 3
rr_event e2e9ba44-2eea-4a15-9207-997c13d9ffab 3
rr_event e2e9ba44-2eea-4a15-9207-997c13d9ffab 3
rr_event e2e9ba44-2eea-4a15-9207-997c13d9ffab 3
rr_event e2e9ba44-2eea-4a15-9207-997c13d9ffab 3
rr_event e2e9ba44-2eea-4a15-9207-997c13d9ffab 3
rr_event e2e9ba44-2eea-4a15-9207-997c13d9ffab 3
rr_event e2e9ba44-2eea-4a15-9207-997c13d9ffab 3
rr_event e2e9ba44-2eea-4a15-9207-997c13d9ffab 3
rr_event e2e9ba44-2eea-4a15-9207-997c13d9ffab 3
rr_event e2e9ba44-2eea-4a15-9207-997c13d9ffab 3
rr_event e2e9ba44-2eea-4a15-9207-997c13d9ffab 3
rr_event e2e9ba44-2eea-4a15-9207-997c13d9ffab 3
rr_event e2e9ba44-2eea-4a15-9207-997c13d9ffab 3
rr_event e2e9ba44-2eea-4a15-9207-997c13d9ffab 3
rr_event e2e9ba44-2eea-4a15-9207-997c13d9ffab 3
rr_event e2e9ba44-2eea-4a15-9207-997c13d9ffab 3
rr_event e2e9ba44-2eea-4a15-9207-997c13d9ffab 3
rr_event e2e9ba44-2eea-4a15-9207-997c13d9ffab 3
rr_event e2e9ba44-2eea-4a15-9207-997c13d9ffab 3
rr_event e2e9ba44-2eea-4a15-9207-997c13d9ffab 3
rr_event e2e9ba44-2eea-4a15-9207-997c13d9ffab 3
rr_event e2e9ba44-2eea-4a15-9207-997c13d9ffab 3
rr_event e2e9ba44-2eea-4a15-9207-997c13d9ffab 3
rr_event e2e9ba44-2eea-4a15-9207-997c13d9ffab 3
rr_event e2e9ba44-2eea-4a15-9207-997c13d9ffab 3
rr_event e2e9ba44-2eea-4a15-9207-997c13d9ffab 3
rr_event e2e9ba44-2eea-4a15-9207-997c13d9ffab 3
rr_event e2e9ba44-2eea-4a15-9207-997c13d9ffab 3
rr_event e2e9ba44-2eea-4a15-9207-997c13d9ffab 3
rr_event e2e9ba44-2eea-4a15-9207-997c13d9ffab 3
rr_event e2e9ba44-2eea-4a15-9207-997c13d9ffab 3
rr_event e2e9ba44-2eea-4a15-9207-997c13d9ffab 3
rr_event e2e9ba44-2eea-4a15-9207-997c13d9ffab 3
rr_event e2e9ba44-2eea-4a15-9207-997c13d9ffab 3
rr_event e2e9ba44-2eea-4a15-9207-997c13d9ffab 3
rr_event e2e9ba44-2eea-4a15-9207-997c13d9ffab 3
rr_event e2e9ba44-2eea-4a15-9207-997c13d9ffab 3
rr_event e2e9ba44-2eea-4a15-9207-997c13d9ffab 3
rr_event e2e9ba44-2eea-4a15-9207-997c13d9ffab 3
rr_event e2e9ba44-2eea-4a15-9207-997c13d9ffab 3
rr_event e2e9ba44-2eea-4a15-9207-997c13d9ffab 3
rr_event e2e9ba44-2eea-4a15-9207-997c13d9ffab 3
rr_event e2e9ba44-2eea-4a15-9207-997c13d9ffab 3
rr_event e2e9ba44-2eea-4a15-9207-997c13d9ffab 3
rr_event e2e9ba44-2eea-4a15-9207-997c13d9ffab 3
rr_event e2e9ba44-2eea-4a15-9207-997c13d9ffab 3
rr_event e2e9ba44-2eea-4a15-9207-997c13d9ffab 3
rr_event e2e9ba44-2eea-4a15-9207-997c13d9ffab 3
rr_event e2e9ba44-2eea-4a15-9207-997c13d9ffab 3
rr_event e2e9ba44-2eea-4a15-9207-997c13d9ffab 3
rr_event e2e9ba44-2eea-4a15-9207-997c13d9ffab 3
rr_event e2e9ba44-2eea-4a15-9207-997c13d9ffab 3
rr_event e2e9ba44-2eea-4a15-9207-997c13d9ffab 3
rr_event e2e9ba44-2eea-4a15-9207-997c13d9ffab 3
rr_event e2e9ba44-2eea-4a15-9207-997c13d9ffab 3
rr_event e2e9ba44-2eea-4a15-9207-997c13d9ffab 3
rr_event e2e9ba44-2eea-4a15-9207-997c13d9ffab 3
rr_event e2e9ba44-2eea-4a15-9207-997c13d9ffab 3
rr_event e2e9ba44-2eea-4a15-9207-997c13d9ffab 3
rr_event e2e9ba44-2eea-4a15-9207-997c13d9ffab 3
rr_event e2e9ba44-2eea-4a15-9207-997c13d9ffab 3
rr_event e2e9ba44-2eea-4a15-9207-997c13d9ffab 3
rr_event e2e9ba44-2eea-4a15-9207-997c13d9ffab 3
rr_event e2e9ba44-2eea-4a15-9207-997c13d9ffab 3
rr_event e2e9ba44-2eea-4a15-9207-997c13d9ffab 3
rr_event e2e9ba44-2eea-4a15-9207-997c13d9ffab 3
rr_event e2e9ba44-2eea-4a15-9207-997c13d9ffab 3
rr_event e2e9ba44-2eea-4a15-9207-997c13d9ffab 3
rr_event e2e9ba44-2eea-4a15-9207-997c13d9ffab 3
rr_event e2e9ba44-2eea-4a15-9207-997c13d9ffab 3
rr_event e2e9ba44-2eea-4a15-9207-997c13d9ffab 3
rr_event e2e9ba44-2eea-4a15-9207-997c13d9ffab 3
rr_event e2e9ba44-2eea-4a15-9207-997c13d9ffab 3
rr_event e2e9ba44-2eea-4a15-9207-997c13d9ffab 3
rr_event e2e9ba44-2eea-4a15-9207-997c13d9ffab 3
rr_event e2e9ba44-2eea-4a15-9207-997c13d9ffab 3
rr_event e2e9ba44-2eea-4a15-9207-997c13d9ffab 3
rr_event e2e9ba44-2eea-4a15-9207-997c13d9ffab 3
rr_event e2e9ba44-2eea-4a15-9207-997c13d9ffab 3
rr_event e2e9ba44-2eea-4a15-9207-997c13d9ffab 3
rr_event e2e9ba44-2eea-4a15-9207-997c13d9ffab 3
rr_event e2e9ba44-2eea-4a15-9207-997c13d9ffab 3
rr_event e2e9ba44-2eea-4a15-9207-997c13d9ffab 3
rr_event e2e9ba44-2eea-4a15-9207-997c13d9ffab 3
rr_event e2e9ba44-2eea-4a15-9207-997c13d9ffab 3
rr_event e2e9ba44-2eea-4a15-9207-997c13d9ffab 3
rr_event e2e9ba44-2eea-4a15-9207-997c13d9ffab 3
rr_event e2e9ba44-2eea-4a15-9207-997c13d9ffab 3
rr_event e2e9ba44-2eea-4a15-9207-997c13d9ffab 3
rr_event e2e9ba44-2eea-4a15-9207-997c13d9ffab 3
rr_event e2e9ba44-2eea-4a15-9207-997c13d9ffab 3
rr_event e2e9ba44-2eea-4a15-9207-997c13d9ffab 3
rr_event e2e9ba44-2eea-4a15-9207-997c13d9ffab 3
rr_event e2e9ba44-2eea-4a15-9207-997c13d9ffab 3
rr_event e2e9ba44-2eea-4a15-9207-997c13d9ffab 3
rr_event e2e9ba44-2eea-4a15-9207-997c13d9ffab 3
rr_event e2e9ba44-2eea-4a15-9207-997c13d9ffab 3
rr_event e2e9ba44-2eea-4a15-9207-997c13d9ffab 3
rr_event e2e9ba44-2eea-4a15-9207-997c13d9ffab 3
rr_event e2e9ba44-2eea-4a15-9207-997c13d9ffab 3
rr_event e2e9ba44-2eea-4a15-9207-997c13d9ffab 3
rr_event e2e9ba44-2eea-4a15-9207-997c13d9ffab 3
rr_event e2e9ba44-2eea-4a15-9207-997c13d9ffab 3
rr_event e2e9ba44-2eea-4a15-9207-997c13d9ffab 3
rr_event e2e9ba44-2eea-4a15-9207-997c13d9ffab 3
rr_event e2e9ba44-2eea-4a15-9207-997c13d9ffab 3
rr_event e2e9ba44-2eea-4a15-9207-997c13d9ffab 3
rr_event e2e9ba44-2eea-4a15-9207-997c13d9ffab 3
rr_event e2e9ba44-2eea-4a15-9207-997c13d9ffab 3
rr_event e2e9ba44-2eea-4a15-9207-997c13d9ffab 3
rr_event e2e9ba44-2eea-4a15-9207-997c13d9ffab 3
rr_event e2e9ba44-2eea-4a15-9207-997c13d9ffab 3
rr_event e2e9ba44-2eea-4a15-9207-997c13d9ffab 3
rr_event e2e9ba44-2eea-4a15-9207-997c13d9ffab 3
rr_event e2e9ba44-2eea-4a15-9207-997c13d9ffab 3
rr_event e2e9ba44-2eea-4a15-9207-997c13d9ffab 3
rr_event e2e9ba44-2eea-4a15-9207-997c13d9ffab 3
rr_event e2e9ba44-2eea-4a15-9207-997c13d9ffab 3
rr_event e2e9ba44-2eea-4a15-9207-997c13d9ffab 3
rr_event e2e9ba44-2eea-4a15-9207-997c13d9ffab 3
rr_event e2e9ba44-2eea-4a15-9207-997c13d9ffab 3
rr_event e2e9ba44-2eea-4a15-9207-997c13d9ffab 3
rr_event e2e9ba44-2eea-4a15-9207-997c13d9ffab 3
rr_event e2e9ba44-2eea-4a15-9207-997c13d9ffab 3
rr_event e2e9ba44-2eea-4a15-9207-997c13d9ffab 3
rr_event e2e9ba44-2eea-4a15-9207-997c13d9ffab 3
rr_event e2e9ba44-2eea-4a15-9207-997c13d9ffab 3
rr_event e2e9ba44-2eea-4a15-9207-997c13d9ffab 3
rr_event e2e9ba44-2eea-4a15-9207-997c13d9ffab 3
rr_event e2e9ba44-2eea-4a15-9207-997c13d9ffab 3
rr_event e2e9ba44-2eea-4a15-9207-997c13d9ffab 3
rr_event e2e9ba44-2eea-4a15-9207-997c13d9ffab 3
rr_event e2e9ba44-2eea-4a15-9207-997c13d9ffab 3
rr_event e2e9ba44-2eea-4a15-9207-997c13d9ffab 3
rr_event e2e9ba44-2eea-4a15-9207-997c13d9ffab 3
rr_event e2e9ba44-2eea-4a15-9207-997c13d9ffab 3
rr_event e2e9ba44-2eea-4a15-9207-997c13d9ffab 3
rr_event e2e9ba44-2eea-4a15-9207-997c13d9ffab 3
rr_event e2e9ba44-2eea-4a15-9207-997c13d9ffab 3
rr_event e2e9ba44-2eea-4a15-9207-997c13d9ffab 3
rr_event e2e9ba44-2eea-4a15-9207-997c13d9ffab 3
rr_event e2e9ba44-2eea-4a15-9207-997c13d9ffab 3
rr_event e2e9ba44-2eea-4a15-9207-997c13d9ffab 3
rr_event e2e9ba44-2eea-4a15-9207-997c13d9ffab 3
rr_event e2e9ba44-2eea-4a15-9207-997c13d9ffab 3
rr_event e2e9ba44-2eea-4a15-9207-997c13d9ffab 3
rr_event e2e9ba44-2eea-4a15-9207-997c13d9ffab 3
rr_event e2e9ba44-2eea-4a15-9207-997c13d9ffab 3
rr_event e2e9ba44-2eea-4a15-9207-997c13d9ffab 3
rr_event e2e9ba44-2eea-4a15-9207-997c13d9ffab 3
rr_event e2e9ba44-2eea-4a15-9207-997c13d9ffab 3
rr_event e2e9ba44-2eea-4a15-9207-997c13d9ffab 3
rr_event e2e9ba44-2eea-4a15-9207-997c13d9ffab 3
rr_event e2e9ba44-2eea-4a15-9207-997c13d9ffab 3
rr_event e2e9ba44-2eea-4a15-9207-997c13d9ffab 3
rr_event e2e9ba44-2eea-4a15-9207-997c13d9ffab 3
rr_event e2e9ba44-2eea-4a15-9207-997c13d9ffab 3
rr_event e2e9ba44-2eea-4a15-9207-997c13d9ffab 3
rr_event e2e9ba44-2eea-4a15-9207-997c13d9ffab 3
rr_event e2e9ba44-2eea-4a15-9207-997c13d9ffab 3
rr_event e2e9ba44-2eea-4a15-9207-997c13d9ffab 3
rr_event e2e9ba44-2eea-4a15-9207-997c13d9ffab 3
rr_event e2e9ba44-2eea-4a15-9207-997c13d9ffab 3
rr_event e2e9ba44-2eea-4a15-9207-997c13d9ffab 3
rr_event e2e9ba44-2eea-4a15-9207-997c13d9ffab 3
rr_event e2e9ba44-2eea-4a15-9207-997c13d9ffab 3
rr_event e2e9ba44-2eea-4a15-9207-997c13d9ffab 3
rr_event e2e9ba44-2eea-4a15-9207-997c13d9ffab 3
rr_event e2e9ba44-2eea-4a15-9207-997c13d9ffab 3
rr_event e2e9ba44-2eea-4a15-9207-997c13d9ffab 3
rr_event e2e9ba44-2eea-4a15-9207-997c13d9ffab 3
rr_event e2e9ba44-2eea-4a15-9207-997c13d9ffab 3
rr_event e2e9ba44-2eea-4a15-9207-997c13d9ffab 3
rr_event e2e9ba44-2eea-4a15-9207-997c13d9ffab 3
rr_event e2e9ba44-2eea-4a15-9207-997c13d9ffab 3
rr_event e2e9ba44-2eea-4a15-9207-997c13d9ffab 3
rr_event e2e9ba44-2eea-4a15-9207-997c13d9ffab 3
rr_event e2e9ba44-2eea-4a15-9207-997c13d9ffab 3
rr_event e2e9ba44-2eea-4a15-9207-997c13d9ffab 3
rr_event e2e9ba44-2eea-4a15-9207-997c13d9ffab 3
rr_event e2e9ba44-2eea-4a15-9207-997c13d9ffab 3
rr_event e2e9ba44-2eea-4a15-9207-997c13d9ffab 3
rr_event e2e9ba44-2eea-4a15-9207-997c13d9ffab 3
rr_event e2e9ba44-2eea-4a15-9207-997c13d9ffab 3
rr_event e2e9ba44-2eea-4a15-9207-997c13d9ffab 3
rr_event e2e9ba44-2eea-4a15-9207-997c13d9ffab 3
rr_event e2e9ba44-2eea-4a15-9207-997c13d9ffab 3
rr_event e2e9ba44-2eea-4a15-9207-997c13d9ffab 3
rr_event e2e9ba44-2eea-4a15-9207-997c13d9ffab 3
rr_event e2e9ba44-2eea-4a15-9207-997c13d9ffab 3
rr_event e2e9ba44-2eea-4a15-9207-997c13d9ffab 3
rr_event e2e9ba44-2eea-4a15-9207-997c13d9ffab 3
rr_event e2e9ba44-2eea-4a15-9207-997c13d9ffab 3
rr_event e2e9ba44-2eea-4a15-9207-997c13d9ffab 3
rr_event e2e9ba44-2eea-4a15-9207-997c13d9ffab 3
rr_event e2e9ba44-2eea-4a15-9207-997c13d9ffab 3
rr_event e2e9ba44-2eea-4a15-9207-997c13d9ffab 3
rr_event e2e9ba44-2eea-4a15-9207-997c13d9ffab 3
rr_event e2e9ba44-2eea-4a15-9207-997c13d9ffab 3
rr_event e2e9ba44-2eea-4a15-9207-997c13d9ffab 3
rr_event e2e9ba44-2eea-4a15-9207-997c13d9ffab 3
rr_event e2e9ba44-2eea-4a15-9207-997c13d9ffab 3
rr_event e2e9ba44-2eea-4a15-9207-997c13d9ffab 3
rr_event e2e9ba44-2eea-4a15-9207-997c13d9ffab 3
rr_event e2e9ba44-2eea-4a15-9207-997c13d9ffab 3
rr_event e2e9ba44-2eea-4a15-9207-997c13d9ffab 3
rr_event e2e9ba44-2eea-4a15-9207-997c13d9ffab 3
rr_event e2e9ba44-2eea-4a15-9207-997c13d9ffab 3
rr_event e2e9ba44-2eea-4a15-9207-997c13d9ffab 3
rr_event e2e9ba44-2eea-4a15-9207-997c13d9ffab 3
rr_event e2e9ba44-2eea-4a15-9207-997c13d9ffab 3
rr_event e2e9ba44-2eea-4a15-9207-997c13d9ffab 3
rr_event e2e9ba44-2eea-4a15-9207-997c13d9ffab 3
rr_event e2e9ba44-2eea-4a15-9207-997c13d9ffab 3
rr_event e2e9ba44-2eea-4a15-9207-997c13d9ffab 3
rr_event e2e9ba44-2eea-4a15-9207-997c13d9ffab 3
rr_event e2e9ba44-2eea-4a15-9207-997c13d9ffab 3
rr_event e2e9ba44-2eea-4a15-9207-997c13d9ffab 3
rr_event e2e9ba44-2eea-4a15-9207-997c13d9ffab 3
rr_event e2e9ba44-2eea-4a15-9207-997c13d9ffab 3
rr_event e2e9ba44-2eea-4a15-9207-997c13d9ffab 3
rr_event e2e9ba44-2eea-4a15-9207-997c13d9ffab 3
rr_event e2e9ba44-2eea-4a15-9207-997c13d9ffab 3
rr_event e2e9ba44-2eea-4a15-9207-997c13d9ffab 3
rr_event e2e9ba44-2eea-4a15-9207-997c13d9ffab 3
rr_event e2e9ba44-2eea-4a15-9207-997c13d9ffab 3
rr_event e2e9ba44-2eea-4a15-9207-997c13d9ffab 3
rr_event e2e9ba44-2eea-4a15-9207-997c13d9ffab 3
rr_event e2e9ba44-2eea-4a15-9207-997c13d9ffab 3
rr_event e2e9ba44-2eea-4a15-9207-997c13d9ffab 3
rr_event e2e9ba44-2eea-4a15-9207-997c13d9ffab 3
rr_event e2e9ba44-2eea-4a15-9207-997c13d9ffab 3
rr_event e2e9ba44-2eea-4a15-9207-997c13d9ffab 3
rr_event e2e9ba44-2eea-4a15-9207-997c13d9ffab 3
rr_event e2e9ba44-2eea-4a15-9207-997c13d9ffab 3
rr_event e2e9ba44-2eea-4a15-9207-997c13d9ffab 3
rr_event e2e9ba44-2eea-4a15-9207-997c13d9ffab 3
rr_event e2e9ba44-2eea-4a15-9207-997c13d9ffab 3
rr_event e2e9ba44-2eea-4a15-9207-997c13d9ffab 3
rr_event e2e9ba44-2eea-4a15-9207-997c13d9ffab 3
rr_event e2e9ba44-2eea-4a15-9207-997c13d9ffab 3
rr_event e2e9ba44-2eea-4a15-9207-997c13d9ffab 3
rr_event e2e9ba44-2eea-4a15-9207-997c13d9ffab 3
rr_event e2e9ba44-2eea-4a15-9207-997c13d9ffab 3
rr_event e2e9ba44-2eea-4a15-9207-997c13d9ffab 3
rr_event e2e9ba44-2eea-4a15-9207-997c13d9ffab 3
rr_event e2e9ba44-2eea-4a15-9207-997c13d9ffab 3
rr_event e2e9ba44-2eea-4a15-9207-997c13d9ffab 3
rr_event e2e9ba44-2eea-4a15-9207-997c13d9ffab 3
rr_event e2e9ba44-2eea-4a15-9207-997c13d9ffab 3
rr_event e2e9ba44-2eea-4a15-9207-997c13d9ffab 3
rr_event e2e9ba44-2eea-4a15-9207-997c13d9ffab 3
rr_event e2e9ba44-2eea-4a15-9207-997c13d9ffab 3
rr_event e2e9ba44-2eea-4a15-9207-997c13d9ffab 3
rr_event e2e9ba44-2eea-4a15-9207-997c13d9ffab 3
rr_event e2e9ba44-2eea-4a15-9207-997c13d9ffab 3
rr_event e2e9ba44-2eea-4a15-9207-997c13d9ffab 3
rr_event e2e9ba44-2eea-4a15-9207-997c13d9ffab 3
rr_event e2e9ba44-2eea-4a15-9207-997c13d9ffab 3
rr_event e2e9ba44-2eea-4a15-9207-997c13d9ffab 3
rr_event e2e9ba44-2eea-4a15-9207-997c13d9ffab 3
rr_event e2e9ba44-2eea-4a15-9207-997c13d9ffab 3
rr_event e2e9ba44-2eea-4a15-9207-997c13d9ffab 3
rr_event e2e9ba44-2eea-4a15-9207-997c13d9ffab 3
rr_event e2e9ba44-2eea-4a15-9207-997c13d9ffab 3
rr_event e2e9ba44-2eea-4a15-9207-997c13d9ffab 3
rr_event e2e9ba44-2eea-4a15-9207-997c13d9ffab 3
rr_event e2e9ba44-2eea-4a15-9207-997c13d9ffab 3
rr_event e2e9ba44-2eea-4a15-9207-997c13d9ffab 3
rr_event e2e9ba44-2eea-4a15-9207-997c13d9ffab 3
rr_event e2e9ba44-2eea-4a15-9207-997c13d9ffab 3
rr_event e2e9ba44-2eea-4a15-9207-997c13d9ffab 3
rr_event e2e9ba44-2eea-4a15-9207-997c13d9ffab 3
rr_event e2e9ba44-2eea-4a15-9207-997c13d9ffab 3
rr_event e2e9ba44-2eea-4a15-9207-997c13d9ffab 3
rr_event e2e9ba44-2eea-4a15-9207-997c13d9ffab 3
rr_event e2e9ba44-2eea-4a15-9207-997c13d9ffab 3
rr_event e2e9ba44-2eea-4a15-9207-997c13d9ffab 3
rr_event e2e9ba44-2eea-4a15-9207-997c13d9ffab 3
rr_event e2e9ba44-2eea-4a15-9207-997c13d9ffab 3
rr_event e2e9ba44-2eea-4a15-9207-997c13d9ffab 3
rr_event e2e9ba44-2eea-4a15-9207-997c13d9ffab 3
rr_event e2e9ba44-2eea-4a15-9207-997c13d9ffab 3
rr_event e2e9ba44-2eea-4a15-9207-997c13d9ffab 3
rr_event e2e9ba44-2eea-4a15-9207-997c13d9ffab 3
rr_event e2e9ba44-2eea-4a15-9207-997c13d9ffab 3
rr_event e2e9ba44-2eea-4a15-9207-997c13d9ffab 3
rr_event e2e9ba44-2eea-4a15-9207-997c13d9ffab 3
rr_event e2e9ba44-2eea-4a15-9207-997c13d9ffab 3
rr_event e2e9ba44-2eea-4a15-9207-997c13d9ffab 3
rr_event e2e9ba44-2eea-4a15-9207-997c13d9ffab 3
rr_event e2e9ba44-2eea-4a15-9207-997c13d9ffab 3
rr_event e2e9ba44-2eea-4a15-9207-997c13d9ffab 3
rr_event e2e9ba44-2eea-4a15-9207-997c13d9ffab 3
rr_event e2e9ba44-2eea-4a15-9207-997c13d9ffab 3
rr_event e2e9ba44-2eea-4a15-9207-997c13d9ffab 3
rr_event e2e9ba44-2eea-4a15-9207-997c13d9ffab 3
rr_event e2e9ba44-2eea-4a15-9207-997c13d9ffab 3
rr_event e2e9ba44-2eea-4a15-9207-997c13d9ffab 3
rr_event e2e9ba44-2eea-4a15-9207-997c13d9ffab 3
rr_event e2e9ba44-2eea-4a15-9207-997c13d9ffab 3
rr_event e2e9ba44-2eea-4a15-9207-997c13d9ffab 3
rr_event e2e9ba44-2eea-4a15-9207-997c13d9ffab 3
rr_event e2e9ba44-2eea-4a15-9207-997c13d9ffab 3
rr_event e2e9ba44-2eea-4a15-9207-997c13d9ffab 3
rr_event e2e9ba44-2eea-4a15-9207-997c13d9ffab 3
rr_event e2e9ba44-2eea-4a15-9207-997c13d9ffab 3
rr_event e2e9ba44-2eea-4a15-9207-997c13d9ffab 3
rr_event e2e9ba44-2eea-4a15-9207-997c13d9ffab 3
rr_event e2e9ba44-2eea-4a15-9207-997c13d9ffab 3
rr_event e2e9ba44-2eea-4a15-9207-997c13d9ffab 3
rr_event e2e9ba44-2eea-4a15-9207-997c13d9ffab 3
rr_event e2e9ba44-2eea-4a15-9207-997c13d9ffab 3
rr_event e2e9ba44-2eea-4a15-9207-997c13d9ffab 3
rr_event e2e9ba44-2eea-4a15-9207-997c13d9ffab 3
rr_event e2e9ba44-2eea-4a15-9207-997c13d9ffab 3
rr_event e2e9ba44-2eea-4a15-9207-997c13d9ffab 3
rr_event e2e9ba44-2eea-4a15-9207-997c13d9ffab 3
rr_event e2e9ba44-2eea-4a15-9207-997c13d9ffab 3
rr_event e2e9ba44-2eea-4a15-9207-997c13d9ffab 3
rr_event e2e9ba44-2eea-4a15-9207-997c13d9ffab 3
rr_event e2e9ba44-2eea-4a15-9207-997c13d9ffab 3
rr_event e2e9ba44-2eea-4a15-9207-997c13d9ffab 3
rr_event e2e9ba44-2eea-4a15-9207-997c13d9ffab 3
rr_event e2e9ba44-2eea-4a15-9207-997c13d9ffab 3
rr_event e2e9ba44-2eea-4a15-9207-997c13d9ffab 3
rr_event e2e9ba44-2eea-4a15-9207-997c13d9ffab 3
rr_event e2e9ba44-2eea-4a15-9207-997c13d9ffab 3
rr_event e2e9ba44-2eea-4a15-9207-997c13d9ffab 3
rr_event e2e9ba44-2eea-4a15-9207-997c13d9ffab 3
rr_event e2e9ba44-2eea-4a15-9207-997c13d9ffab 3
rr_event e2e9ba44-2eea-4a15-9207-997c13d9ffab 3
rr_event e2e9ba44-2eea-4a15-9207-997c13d9ffab 3
rr_event e2e9ba44-2eea-4a15-9207-997c13d9ffab 3
rr_event e2e9ba44-2eea-4a15-9207-997c13d9ffab 3
rr_event e2e9ba44-2eea-4a15-9207-997c13d9ffab 3
rr_event e2e9ba44-2eea-4a15-9207-997c13d9ffab 3
rr_event e2e9ba44-2eea-4a15-9207-997c13d9ffab 3
rr_event e2e9ba44-2eea-4a15-9207-997c13d9ffab 3
rr_event e2e9ba44-2eea-4a15-9207-997c13d9ffab 3
rr_event e2e9ba44-2eea-4a15-9207-997c13d9ffab 3
rr_event e2e9ba44-2eea-4a15-9207-997c13d9ffab 3
rr_event e2e9ba44-2eea-4a15-9207-997c13d9ffab 3
rr_event e2e9ba44-2eea-4a15-9207-997c13d9ffab 3
rr_event e2e9ba44-2eea-4a15-9207-997c13d9ffab 3
rr_event e2e9ba44-2eea-4a15-9207-997c13d9ffab 3
rr_event e2e9ba44-2eea-4a15-9207-997c13d9ffab 3
rr_event e2e9ba44-2eea-4a15-9207-997c13d9ffab 3
rr_event e2e9ba44-2eea-4a15-9207-997c13d9ffab 3
rr_event e2e9ba44-2eea-4a15-9207-997c13d9ffab 3
rr_event e2e9ba44-2eea-4a15-9207-997c13d9ffab 3
rr_event e2e9ba44-2eea-4a15-9207-997c13d9ffab 3
rr_event e2e9ba44-2eea-4a15-9207-997c13d9ffab 3
rr_event e2e9ba44-2eea-4a15-9207-997c13d9ffab 3
rr_event e2e9ba44-2eea-4a15-9207-997c13d9ffab 3
rr_event e2e9ba44-2eea-4a15-9207-997c13d9ffab 3
rr_event e2e9ba44-2eea-4a15-9207-997c13d9ffab 3
rr_event e2e9ba44-2eea-4a15-9207-997c13d9ffab 3
rr_event e2e9ba44-2eea-4a15-9207-997c13d9ffab 3
rr_event e2e9ba44-2eea-4a15-9207-997c13d9ffab 3
rr_event e2e9ba44-2eea-4a15-9207-997c13d9ffab 3
rr_event e2e9ba44-2eea-4a15-9207-997c13d9ffab 3
rr_event e2e9ba44-2eea-4a15-9207-997c13d9ffab 3
rr_event e2e9ba44-2eea-4a15-9207-997c13d9ffab 3
rr_event e2e9ba44-2eea-4a15-9207-997c13d9ffab 3
rr_event e2e9ba44-2eea-4a15-9207-997c13d9ffab 3
rr_event e2e9ba44-2eea-4a15-9207-997c13d9ffab 3
rr_event e2e9ba44-2eea-4a15-9207-997c13d9ffab 3
rr_event e2e9ba44-2eea-4a15-9207-997c13d9ffab 3
rr_event e2e9ba44-2eea-4a15-9207-997c13d9ffab 3
rr_event e2e9ba44-2eea-4a15-9207-997c13d9ffab 3
rr_event e2e9ba44-2eea-4a15-9207-997c13d9ffab 3
rr_event e2e9ba44-2eea-4a15-9207-997c13d9ffab 3
rr_event e2e9ba44-2eea-4a15-9207-997c13d9ffab 3
rr_event e2e9ba44-2eea-4a15-9207-997c13d9ffab 3
rr_event e2e9ba44-2eea-4a15-9207-997c13d9ffab 3
rr_event e2e9ba44-2eea-4a15-9207-997c13d9ffab 3
rr_event e2e9ba44-2eea-4a15-9207-997c13d9ffab 3
rr_event e2e9ba44-2eea-4a15-9207-997c13d9ffab 3
rr_event e2e9ba44-2eea-4a15-9207-997c13d9ffab 3
rr_event e2e9ba44-2eea-4a15-9207-997c13d9ffab 3
rr_event e2e9ba44-2eea-4a15-9207-997c13d9ffab 3
rr_event e2e9ba44-2eea-4a15-9207-997c13d9ffab 3
rr_event e2e9ba44-2eea-4a15-9207-997c13d9ffab 3
rr_event e2e9ba44-2eea-4a15-9207-997c13d9ffab 3
rr_event e2e9ba44-2eea-4a15-9207-997c13d9ffab 3
rr_event e2e9ba44-2eea-4a15-9207-997c13d9ffab 3
rr_event e2e9ba44-2eea-4a15-9207-997c13d9ffab 3
rr_event e2e9ba44-2eea-4a15-9207-997c13d9ffab 3
rr_event e2e9ba44-2eea-4a15-9207-997c13d9ffab 3
rr_event e2e9ba44-2eea-4a15-9207-997c13d9ffab 3
rr_event e2e9ba44-2eea-4a15-9207-997c13d9ffab 3
rr_event e2e9ba44-2eea-4a15-9207-997c13d9ffab 3
rr_event e2e9ba44-2eea-4a15-9207-997c13d9ffab 3
rr_event e2e9ba44-2eea-4a15-9207-997c13d9ffab 3
rr_event e2e9ba44-2eea-4a15-9207-997c13d9ffab 3
rr_event e2e9ba44-2eea-4a15-9207-997c13d9ffab 3
rr_event e2e9ba44-2eea-4a15-9207-997c13d9ffab 3
rr_event e2e9ba44-2eea-4a15-9207-997c13d9ffab 3
rr_event e2e9ba44-2eea-4a15-9207-997c13d9ffab 3
rr_event e2e9ba44-2eea-4a15-9207-997c13d9ffab 3
rr_event e2e9ba44-2eea-4a15-9207-997c13d9ffab 3
rr_event e2e9ba44-2eea-4a15-9207-997c13d9ffab 3
rr_event e2e9ba44-2eea-4a15-9207-997c13d9ffab 3
rr_event e2e9ba44-2eea-4a15-9207-997c13d9ffab 3
rr_event e2e9ba44-2eea-4a15-9207-997c13d9ffab 3
rr_event e2e9ba44-2eea-4a15-9207-997c13d9ffab 3
rr_event e2e9ba44-2eea-4a15-9207-997c13d9ffab 3
rr_event e2e9ba44-2eea-4a15-9207-997c13d9ffab 3
rr_event e2e9ba44-2eea-4a15-9207-997c13d9ffab 3
rr_event e2e9ba44-2eea-4a15-9207-997c13d9ffab 3
rr_event e2e9ba44-2eea-4a15-9207-997c13d9ffab 3
rr_event e2e9ba44-2eea-4a15-9207-997c13d9ffab 3
rr_event e2e9ba44-2eea-4a15-9207-997c13d9ffab 3
rr_event e2e9ba44-2eea-4a15-9207-997c13d9ffab 3
rr_event e2e9ba44-2eea-4a15-9207-997c13d9ffab 3
rr_event e2e9ba44-2eea-4a15-9207-997c13d9ffab 3
rr_event e2e9ba44-2eea-4a15-9207-997c13d9ffab 3
rr_event e2e9ba44-2eea-4a15-9207-997c13d9ffab 3
rr_event e2e9ba44-2eea-4a15-9207-997c13d9ffab 3
rr_event e2e9ba44-2eea-4a15-9207-997c13d9ffab 3
rr_event e2e9ba44-2eea-4a15-9207-997c13d9ffab 3
rr_event e2e9ba44-2eea-4a15-9207-997c13d9ffab 3
rr_event e2e9ba44-2eea-4a15-9207-997c13d9ffab 3
rr_event e2e9ba44-2eea-4a15-9207-997c13d9ffab 3
rr_event e2e9ba44-2eea-4a15-9207-997c13d9ffab 3
rr_event e2e9ba44-2eea-4a15-9207-997c13d9ffab 3
rr_event e2e9ba44-2eea-4a15-9207-997c13d9ffab 3
rr_event e2e9ba44-2eea-4a15-9207-997c13d9ffab 3
rr_event e2e9ba44-2eea-4a15-9207-997c13d9ffab 3
rr_event e2e9ba44-2eea-4a15-9207-997c13d9ffab 3
rr_event e2e9ba44-2eea-4a15-9207-997c13d9ffab 3
rr_event e2e9ba44-2eea-4a15-9207-997c13d9ffab 3
rr_event e2e9ba44-2eea-4a15-9207-997c13d9ffab 3
rr_event e2e9ba44-2eea-4a15-9207-997c13d9ffab 3
rr_event e2e9ba44-2eea-4a15-9207-997c13d9ffab 3
rr_event e2e9ba44-2eea-4a15-9207-997c13d9ffab 3
rr_event e2e9ba44-2eea-4a15-9207-997c13d9ffab 3
rr_event e2e9ba44-2eea-4a15-9207-997c13d9ffab 3
rr_event e2e9ba44-2eea-4a15-9207-997c13d9ffab 3
rr_event e2e9ba44-2eea-4a15-9207-997c13d9ffab 3
rr_event e2e9ba44-2eea-4a15-9207-997c13d9ffab 3
rr_event e2e9ba44-2eea-4a15-9207-997c13d9ffab 3
rr_event e2e9ba44-2eea-4a15-9207-997c13d9ffab 3
rr_event e2e9ba44-2eea-4a15-9207-997c13d9ffab 3
rr_event e2e9ba44-2eea-4a15-9207-997c13d9ffab 3
rr_event e2e9ba44-2eea-4a15-9207-997c13d9ffab 3
rr_event e2e9ba44-2eea-4a15-9207-997c13d9ffab 3
rr_event e2e9ba44-2eea-4a15-9207-997c13d9ffab 3
rr_event e2e9ba44-2eea-4a15-9207-997c13d9ffab 3
rr_event e2e9ba44-2eea-4a15-9207-997c13d9ffab 3
rr_event e2e9ba44-2eea-4a15-9207-997c13d9ffab 3
rr_event e2e9ba44-2eea-4a15-9207-997c13d9ffab 3
rr_event e2e9ba44-2eea-4a15-9207-997c13d9ffab 3
rr_event e2e9ba44-2eea-4a15-9207-997c13d9ffab 3
rr_event e2e9ba44-2eea-4a15-9207-997c13d9ffab 3
rr_event e2e9ba44-2eea-4a15-9207-997c13d9ffab 3
rr_event e2e9ba44-2eea-4a15-9207-997c13d9ffab 3
rr_event e2e9ba44-2eea-4a15-9207-997c13d9ffab 3
rr_event e2e9ba44-2eea-4a15-9207-997c13d9ffab 3
rr_event e2e9ba44-2eea-4a15-9207-997c13d9ffab 3
rr_event e2e9ba44-2eea-4a15-9207-997c13d9ffab 3
rr_event e2e9ba44-2eea-4a15-9207-997c13d9ffab 3
rr_event e2e9ba44-2eea-4a15-9207-997c13d9ffab 3
rr_event e2e9ba44-2eea-4a15-9207-997c13d9ffab 3
rr_event e2e9ba44-2eea-4a15-9207-997c13d9ffab 3
rr_event e2e9ba44-2eea-4a15-9207-997c13d9ffab 3
rr_event e2e9ba44-2eea-4a15-9207-997c13d9ffab 3
rr_event e2e9ba44-2eea-4a15-9207-997c13d9ffab 3
rr_event e2e9ba44-2eea-4a15-9207-997c13d9ffab 3
rr_event e2e9ba44-2eea-4a15-9207-997c13d9ffab 3
rr_event e2e9ba44-2eea-4a15-9207-997c13d9ffab 3
rr_event e2e9ba44-2eea-4a15-9207-997c13d9ffab 3
rr_event e2e9ba44-2eea-4a15-9207-997c13d9ffab 3
rr_event e2e9ba44-2eea-4a15-9207-997c13d9ffab 3
rr_event e2e9ba44-2eea-4a15-9207-997c13d9ffab 3
rr_event e2e9ba44-2eea-4a15-9207-997c13d9ffab 3
rr_event e2e9ba44-2eea-4a15-9207-997c13d9ffab 3
rr_event e2e9ba44-2eea-4a15-9207-997c13d9ffab 3
rr_event e2e9ba44-2eea-4a15-9207-997c13d9ffab 3
rr_event e2e9ba44-2eea-4a15-9207-997c13d9ffab 3
rr_event e2e9ba44-2eea-4a15-9207-997c13d9ffab 3
rr_event e2e9ba44-2eea-4a15-9207-997c13d9ffab 3
rr_event e2e9ba44-2eea-4a15-9207-997c13d9ffab 3
rr_event e2e9ba44-2eea-4a15-9207-997c13d9ffab 3
socket connected: tuMctHJHVwNUPgbNAABN
rr_event 41442797-538b-4de9-b950-1104ffe1834e 4
socket disconnected tuMctHJHVwNUPgbNAABN transport error
socket connected: oNVWY8Q6vTGVXZFOAABP
rr_event 41442797-538b-4de9-b950-1104ffe1834e 3
rr_event 41442797-538b-4de9-b950-1104ffe1834e 3
rr_event 41442797-538b-4de9-b950-1104ffe1834e 3
rr_event 41442797-538b-4de9-b950-1104ffe1834e 3
rr_event 41442797-538b-4de9-b950-1104ffe1834e 3
rr_event 41442797-538b-4de9-b950-1104ffe1834e 3
rr_event 41442797-538b-4de9-b950-1104ffe1834e 3
rr_event 41442797-538b-4de9-b950-1104ffe1834e 3
rr_event 41442797-538b-4de9-b950-1104ffe1834e 3
rr_event 41442797-538b-4de9-b950-1104ffe1834e 3
rr_event 41442797-538b-4de9-b950-1104ffe1834e 3
rr_event 41442797-538b-4de9-b950-1104ffe1834e 3
rr_event 41442797-538b-4de9-b950-1104ffe1834e 3
rr_event 41442797-538b-4de9-b950-1104ffe1834e 3
rr_event 41442797-538b-4de9-b950-1104ffe1834e 3
rr_event 41442797-538b-4de9-b950-1104ffe1834e 3
rr_event 41442797-538b-4de9-b950-1104ffe1834e 3
rr_event 41442797-538b-4de9-b950-1104ffe1834e 3
rr_event 41442797-538b-4de9-b950-1104ffe1834e 3
rr_event 41442797-538b-4de9-b950-1104ffe1834e 3
rr_event 41442797-538b-4de9-b950-1104ffe1834e 3
rr_event 41442797-538b-4de9-b950-1104ffe1834e 3
rr_event 41442797-538b-4de9-b950-1104ffe1834e 3
rr_event 41442797-538b-4de9-b950-1104ffe1834e 3
rr_event 41442797-538b-4de9-b950-1104ffe1834e 3
rr_event 41442797-538b-4de9-b950-1104ffe1834e 3
rr_event 41442797-538b-4de9-b950-1104ffe1834e 3
rr_event 41442797-538b-4de9-b950-1104ffe1834e 3
rr_event 41442797-538b-4de9-b950-1104ffe1834e 3
rr_event 41442797-538b-4de9-b950-1104ffe1834e 3
rr_event 41442797-538b-4de9-b950-1104ffe1834e 3
rr_event 41442797-538b-4de9-b950-1104ffe1834e 3
rr_event 41442797-538b-4de9-b950-1104ffe1834e 3
rr_event 41442797-538b-4de9-b950-1104ffe1834e 3
rr_event 41442797-538b-4de9-b950-1104ffe1834e 3
rr_event 41442797-538b-4de9-b950-1104ffe1834e 3
rr_event 41442797-538b-4de9-b950-1104ffe1834e 3
rr_event 41442797-538b-4de9-b950-1104ffe1834e 3
rr_event 41442797-538b-4de9-b950-1104ffe1834e 3
rr_event 41442797-538b-4de9-b950-1104ffe1834e 3
rr_event 41442797-538b-4de9-b950-1104ffe1834e 3
rr_event 41442797-538b-4de9-b950-1104ffe1834e 3
rr_event 41442797-538b-4de9-b950-1104ffe1834e 3
rr_event 41442797-538b-4de9-b950-1104ffe1834e 3
rr_event 41442797-538b-4de9-b950-1104ffe1834e 3
rr_event 41442797-538b-4de9-b950-1104ffe1834e 3
rr_event 41442797-538b-4de9-b950-1104ffe1834e 3
rr_event 41442797-538b-4de9-b950-1104ffe1834e 3
rr_event 41442797-538b-4de9-b950-1104ffe1834e 3
rr_event 41442797-538b-4de9-b950-1104ffe1834e 3
auth attempt {
  session_name: '41442797-538b-4de9-b950-1104ffe1834e',
  token: 'b4e37b77ae9c4b6e9d55a5590816d653',
  role: 'target'
}
socket auth validated ok for 41442797-538b-4de9-b950-1104ffe1834e
rr_event 41442797-538b-4de9-b950-1104ffe1834e 3
rr_event 41442797-538b-4de9-b950-1104ffe1834e 3
rr_event 41442797-538b-4de9-b950-1104ffe1834e 3
rr_event 41442797-538b-4de9-b950-1104ffe1834e 3
rr_event 41442797-538b-4de9-b950-1104ffe1834e 3
rr_event 41442797-538b-4de9-b950-1104ffe1834e 3
rr_event 41442797-538b-4de9-b950-1104ffe1834e 3
rr_event 41442797-538b-4de9-b950-1104ffe1834e 3
rr_event 41442797-538b-4de9-b950-1104ffe1834e 3
rr_event 41442797-538b-4de9-b950-1104ffe1834e 3
rr_event 41442797-538b-4de9-b950-1104ffe1834e 3
rr_event 41442797-538b-4de9-b950-1104ffe1834e 3
rr_event 41442797-538b-4de9-b950-1104ffe1834e 3
rr_event 41442797-538b-4de9-b950-1104ffe1834e 3
rr_event 41442797-538b-4de9-b950-1104ffe1834e 3
rr_event 41442797-538b-4de9-b950-1104ffe1834e 3
rr_event 41442797-538b-4de9-b950-1104ffe1834e 3
rr_event 41442797-538b-4de9-b950-1104ffe1834e 3
rr_event 41442797-538b-4de9-b950-1104ffe1834e 3
rr_event 41442797-538b-4de9-b950-1104ffe1834e 3
rr_event 41442797-538b-4de9-b950-1104ffe1834e 3
rr_event 41442797-538b-4de9-b950-1104ffe1834e 3
rr_event 41442797-538b-4de9-b950-1104ffe1834e 3
rr_event 41442797-538b-4de9-b950-1104ffe1834e 3
rr_event 41442797-538b-4de9-b950-1104ffe1834e 3
rr_event 41442797-538b-4de9-b950-1104ffe1834e 3
rr_event 41442797-538b-4de9-b950-1104ffe1834e 3
rr_event 41442797-538b-4de9-b950-1104ffe1834e 3
rr_event 41442797-538b-4de9-b950-1104ffe1834e 3
rr_event 41442797-538b-4de9-b950-1104ffe1834e 3
rr_event 41442797-538b-4de9-b950-1104ffe1834e 3
rr_event 41442797-538b-4de9-b950-1104ffe1834e 3
rr_event 41442797-538b-4de9-b950-1104ffe1834e 3
rr_event 41442797-538b-4de9-b950-1104ffe1834e 3
rr_event 41442797-538b-4de9-b950-1104ffe1834e 3
rr_event 41442797-538b-4de9-b950-1104ffe1834e 3
rr_event 41442797-538b-4de9-b950-1104ffe1834e 3
rr_event 41442797-538b-4de9-b950-1104ffe1834e 3
rr_event 41442797-538b-4de9-b950-1104ffe1834e 3
rr_event 41442797-538b-4de9-b950-1104ffe1834e 3
rr_event 41442797-538b-4de9-b950-1104ffe1834e 3
rr_event 41442797-538b-4de9-b950-1104ffe1834e 3
rr_event 41442797-538b-4de9-b950-1104ffe1834e 3
rr_event 41442797-538b-4de9-b950-1104ffe1834e 3
rr_event 41442797-538b-4de9-b950-1104ffe1834e 3
rr_event 41442797-538b-4de9-b950-1104ffe1834e 3
rr_event 41442797-538b-4de9-b950-1104ffe1834e 3
rr_event 41442797-538b-4de9-b950-1104ffe1834e 3
rr_event 41442797-538b-4de9-b950-1104ffe1834e 3
rr_event 41442797-538b-4de9-b950-1104ffe1834e 3
rr_event 41442797-538b-4de9-b950-1104ffe1834e 3
rr_event 41442797-538b-4de9-b950-1104ffe1834e 3
rr_event 41442797-538b-4de9-b950-1104ffe1834e 3
rr_event 41442797-538b-4de9-b950-1104ffe1834e 3
rr_event 41442797-538b-4de9-b950-1104ffe1834e 3
rr_event 41442797-538b-4de9-b950-1104ffe1834e 3
rr_event 41442797-538b-4de9-b950-1104ffe1834e 3
rr_event 41442797-538b-4de9-b950-1104ffe1834e 3
rr_event 41442797-538b-4de9-b950-1104ffe1834e 3
rr_event 41442797-538b-4de9-b950-1104ffe1834e 3
rr_event 41442797-538b-4de9-b950-1104ffe1834e 3
rr_event 41442797-538b-4de9-b950-1104ffe1834e 3
rr_event 41442797-538b-4de9-b950-1104ffe1834e 3
rr_event 41442797-538b-4de9-b950-1104ffe1834e 3
rr_event 41442797-538b-4de9-b950-1104ffe1834e 3
rr_event 41442797-538b-4de9-b950-1104ffe1834e 3
rr_event 41442797-538b-4de9-b950-1104ffe1834e 3
rr_event 41442797-538b-4de9-b950-1104ffe1834e 3
rr_event 41442797-538b-4de9-b950-1104ffe1834e 3
rr_event 41442797-538b-4de9-b950-1104ffe1834e 3
rr_event 41442797-538b-4de9-b950-1104ffe1834e 3
rr_event 41442797-538b-4de9-b950-1104ffe1834e 3
rr_event 41442797-538b-4de9-b950-1104ffe1834e 3
rr_event 41442797-538b-4de9-b950-1104ffe1834e 3
rr_event 41442797-538b-4de9-b950-1104ffe1834e 3
rr_event 41442797-538b-4de9-b950-1104ffe1834e 3
rr_event 41442797-538b-4de9-b950-1104ffe1834e 3
rr_event 41442797-538b-4de9-b950-1104ffe1834e 3
rr_event 41442797-538b-4de9-b950-1104ffe1834e 3
rr_event 41442797-538b-4de9-b950-1104ffe1834e 3
rr_event 41442797-538b-4de9-b950-1104ffe1834e 3
rr_event 41442797-538b-4de9-b950-1104ffe1834e 3
rr_event 41442797-538b-4de9-b950-1104ffe1834e 3
rr_event 41442797-538b-4de9-b950-1104ffe1834e 3
rr_event 41442797-538b-4de9-b950-1104ffe1834e 3
rr_event 41442797-538b-4de9-b950-1104ffe1834e 3
rr_event 41442797-538b-4de9-b950-1104ffe1834e 3
rr_event 41442797-538b-4de9-b950-1104ffe1834e 3
rr_event 41442797-538b-4de9-b950-1104ffe1834e 3
rr_event 41442797-538b-4de9-b950-1104ffe1834e 3
rr_event 41442797-538b-4de9-b950-1104ffe1834e 3
rr_event 41442797-538b-4de9-b950-1104ffe1834e 3
rr_event 41442797-538b-4de9-b950-1104ffe1834e 3
rr_event 41442797-538b-4de9-b950-1104ffe1834e 3
rr_event 41442797-538b-4de9-b950-1104ffe1834e 3
rr_event 41442797-538b-4de9-b950-1104ffe1834e 3
rr_event 41442797-538b-4de9-b950-1104ffe1834e 3
rr_event 41442797-538b-4de9-b950-1104ffe1834e 3
rr_event 41442797-538b-4de9-b950-1104ffe1834e 3
rr_event 41442797-538b-4de9-b950-1104ffe1834e 3
rr_event 41442797-538b-4de9-b950-1104ffe1834e 3
rr_event 41442797-538b-4de9-b950-1104ffe1834e 3
rr_event 41442797-538b-4de9-b950-1104ffe1834e 3
rr_event 41442797-538b-4de9-b950-1104ffe1834e 3
rr_event 41442797-538b-4de9-b950-1104ffe1834e 3
rr_event 41442797-538b-4de9-b950-1104ffe1834e 3
rr_event 41442797-538b-4de9-b950-1104ffe1834e 3
rr_event 41442797-538b-4de9-b950-1104ffe1834e 3
rr_event 41442797-538b-4de9-b950-1104ffe1834e 3
rr_event 41442797-538b-4de9-b950-1104ffe1834e 3
rr_event 41442797-538b-4de9-b950-1104ffe1834e 3
rr_event 41442797-538b-4de9-b950-1104ffe1834e 3
rr_event 41442797-538b-4de9-b950-1104ffe1834e 3
rr_event 41442797-538b-4de9-b950-1104ffe1834e 3
rr_event 41442797-538b-4de9-b950-1104ffe1834e 3
rr_event 41442797-538b-4de9-b950-1104ffe1834e 3
rr_event 41442797-538b-4de9-b950-1104ffe1834e 3
rr_event 41442797-538b-4de9-b950-1104ffe1834e 3
rr_event 41442797-538b-4de9-b950-1104ffe1834e 3
rr_event 41442797-538b-4de9-b950-1104ffe1834e 3
rr_event 41442797-538b-4de9-b950-1104ffe1834e 3
rr_event 41442797-538b-4de9-b950-1104ffe1834e 3
rr_event 41442797-538b-4de9-b950-1104ffe1834e 3
rr_event 41442797-538b-4de9-b950-1104ffe1834e 3
rr_event 41442797-538b-4de9-b950-1104ffe1834e 3
rr_event 41442797-538b-4de9-b950-1104ffe1834e 3
rr_event 41442797-538b-4de9-b950-1104ffe1834e 3
rr_event 41442797-538b-4de9-b950-1104ffe1834e 3
rr_event 41442797-538b-4de9-b950-1104ffe1834e 3
rr_event 41442797-538b-4de9-b950-1104ffe1834e 3
rr_event 41442797-538b-4de9-b950-1104ffe1834e 3
rr_event 41442797-538b-4de9-b950-1104ffe1834e 3
rr_event 41442797-538b-4de9-b950-1104ffe1834e 3
rr_event 41442797-538b-4de9-b950-1104ffe1834e 3
rr_event 41442797-538b-4de9-b950-1104ffe1834e 3
rr_event 41442797-538b-4de9-b950-1104ffe1834e 3
rr_event 41442797-538b-4de9-b950-1104ffe1834e 3
rr_event 41442797-538b-4de9-b950-1104ffe1834e 3
rr_event 41442797-538b-4de9-b950-1104ffe1834e 3
rr_event 41442797-538b-4de9-b950-1104ffe1834e 3
rr_event 41442797-538b-4de9-b950-1104ffe1834e 3
rr_event 41442797-538b-4de9-b950-1104ffe1834e 3
rr_event 41442797-538b-4de9-b950-1104ffe1834e 3
rr_event 41442797-538b-4de9-b950-1104ffe1834e 3
rr_event 41442797-538b-4de9-b950-1104ffe1834e 3
rr_event 41442797-538b-4de9-b950-1104ffe1834e 3
rr_event 41442797-538b-4de9-b950-1104ffe1834e 3
rr_event 41442797-538b-4de9-b950-1104ffe1834e 3
rr_event 41442797-538b-4de9-b950-1104ffe1834e 3
rr_event 41442797-538b-4de9-b950-1104ffe1834e 3
rr_event 41442797-538b-4de9-b950-1104ffe1834e 3
rr_event 41442797-538b-4de9-b950-1104ffe1834e 3
rr_event 41442797-538b-4de9-b950-1104ffe1834e 3
rr_event 41442797-538b-4de9-b950-1104ffe1834e 3
rr_event 41442797-538b-4de9-b950-1104ffe1834e 3
rr_event 41442797-538b-4de9-b950-1104ffe1834e 3
rr_event 41442797-538b-4de9-b950-1104ffe1834e 3
rr_event 41442797-538b-4de9-b950-1104ffe1834e 3
rr_event 41442797-538b-4de9-b950-1104ffe1834e 3
rr_event 41442797-538b-4de9-b950-1104ffe1834e 3
rr_event 41442797-538b-4de9-b950-1104ffe1834e 3
rr_event 41442797-538b-4de9-b950-1104ffe1834e 3
rr_event 41442797-538b-4de9-b950-1104ffe1834e 3
rr_event 41442797-538b-4de9-b950-1104ffe1834e 3
rr_event 41442797-538b-4de9-b950-1104ffe1834e 3
rr_event 41442797-538b-4de9-b950-1104ffe1834e 3
rr_event 41442797-538b-4de9-b950-1104ffe1834e 3
rr_event 41442797-538b-4de9-b950-1104ffe1834e 3
rr_event 41442797-538b-4de9-b950-1104ffe1834e 3
rr_event 41442797-538b-4de9-b950-1104ffe1834e 3
rr_event 41442797-538b-4de9-b950-1104ffe1834e 3
rr_event 41442797-538b-4de9-b950-1104ffe1834e 3
rr_event 41442797-538b-4de9-b950-1104ffe1834e 3
rr_event 41442797-538b-4de9-b950-1104ffe1834e 3
rr_event 41442797-538b-4de9-b950-1104ffe1834e 3
rr_event 41442797-538b-4de9-b950-1104ffe1834e 3
rr_event 41442797-538b-4de9-b950-1104ffe1834e 3
rr_event 41442797-538b-4de9-b950-1104ffe1834e 3
rr_event 41442797-538b-4de9-b950-1104ffe1834e 3
rr_event 41442797-538b-4de9-b950-1104ffe1834e 3
rr_event 41442797-538b-4de9-b950-1104ffe1834e 3
rr_event 41442797-538b-4de9-b950-1104ffe1834e 3
rr_event 41442797-538b-4de9-b950-1104ffe1834e 3
rr_event 41442797-538b-4de9-b950-1104ffe1834e 3
rr_event 41442797-538b-4de9-b950-1104ffe1834e 3
rr_event 41442797-538b-4de9-b950-1104ffe1834e 3
rr_event 41442797-538b-4de9-b950-1104ffe1834e 3
rr_event 41442797-538b-4de9-b950-1104ffe1834e 3
rr_event 41442797-538b-4de9-b950-1104ffe1834e 3
rr_event 41442797-538b-4de9-b950-1104ffe1834e 3
rr_event 41442797-538b-4de9-b950-1104ffe1834e 3
rr_event 41442797-538b-4de9-b950-1104ffe1834e 3
rr_event 41442797-538b-4de9-b950-1104ffe1834e 3
rr_event 41442797-538b-4de9-b950-1104ffe1834e 3
rr_event 41442797-538b-4de9-b950-1104ffe1834e 3
rr_event 41442797-538b-4de9-b950-1104ffe1834e 3
rr_event 41442797-538b-4de9-b950-1104ffe1834e 3
rr_event 41442797-538b-4de9-b950-1104ffe1834e 3
rr_event 41442797-538b-4de9-b950-1104ffe1834e 3
rr_event 41442797-538b-4de9-b950-1104ffe1834e 3
rr_event 41442797-538b-4de9-b950-1104ffe1834e 3
rr_event 41442797-538b-4de9-b950-1104ffe1834e 3
rr_event 41442797-538b-4de9-b950-1104ffe1834e 3
rr_event 41442797-538b-4de9-b950-1104ffe1834e 3
rr_event 41442797-538b-4de9-b950-1104ffe1834e 3
rr_event 41442797-538b-4de9-b950-1104ffe1834e 3
rr_event 41442797-538b-4de9-b950-1104ffe1834e 3
rr_event 41442797-538b-4de9-b950-1104ffe1834e 3
rr_event 41442797-538b-4de9-b950-1104ffe1834e 3
rr_event 41442797-538b-4de9-b950-1104ffe1834e 3
rr_event 41442797-538b-4de9-b950-1104ffe1834e 3
rr_event 41442797-538b-4de9-b950-1104ffe1834e 3
rr_event 41442797-538b-4de9-b950-1104ffe1834e 3
rr_event 41442797-538b-4de9-b950-1104ffe1834e 3
rr_event 41442797-538b-4de9-b950-1104ffe1834e 3
rr_event 41442797-538b-4de9-b950-1104ffe1834e 3
rr_event 41442797-538b-4de9-b950-1104ffe1834e 3
rr_event 41442797-538b-4de9-b950-1104ffe1834e 3
rr_event 41442797-538b-4de9-b950-1104ffe1834e 3
rr_event 41442797-538b-4de9-b950-1104ffe1834e 3
rr_event 41442797-538b-4de9-b950-1104ffe1834e 3
rr_event 41442797-538b-4de9-b950-1104ffe1834e 3
rr_event 41442797-538b-4de9-b950-1104ffe1834e 3
rr_event 41442797-538b-4de9-b950-1104ffe1834e 3
rr_event 41442797-538b-4de9-b950-1104ffe1834e 3
rr_event 41442797-538b-4de9-b950-1104ffe1834e 3
rr_event 41442797-538b-4de9-b950-1104ffe1834e 3
rr_event 41442797-538b-4de9-b950-1104ffe1834e 3
rr_event 41442797-538b-4de9-b950-1104ffe1834e 3
rr_event 41442797-538b-4de9-b950-1104ffe1834e 3
rr_event 41442797-538b-4de9-b950-1104ffe1834e 3
rr_event 41442797-538b-4de9-b950-1104ffe1834e 3
rr_event 41442797-538b-4de9-b950-1104ffe1834e 3
rr_event 41442797-538b-4de9-b950-1104ffe1834e 3
rr_event 41442797-538b-4de9-b950-1104ffe1834e 3
rr_event 41442797-538b-4de9-b950-1104ffe1834e 3
rr_event 41442797-538b-4de9-b950-1104ffe1834e 3
rr_event 41442797-538b-4de9-b950-1104ffe1834e 3
rr_event 41442797-538b-4de9-b950-1104ffe1834e 3
rr_event 41442797-538b-4de9-b950-1104ffe1834e 3
rr_event 41442797-538b-4de9-b950-1104ffe1834e 3
rr_event 41442797-538b-4de9-b950-1104ffe1834e 3
rr_event 41442797-538b-4de9-b950-1104ffe1834e 3
rr_event 41442797-538b-4de9-b950-1104ffe1834e 3
rr_event 41442797-538b-4de9-b950-1104ffe1834e 3
rr_event 41442797-538b-4de9-b950-1104ffe1834e 3
rr_event 41442797-538b-4de9-b950-1104ffe1834e 3
rr_event 41442797-538b-4de9-b950-1104ffe1834e 3
rr_event 41442797-538b-4de9-b950-1104ffe1834e 3
rr_event 41442797-538b-4de9-b950-1104ffe1834e 3
rr_event 41442797-538b-4de9-b950-1104ffe1834e 3
rr_event 41442797-538b-4de9-b950-1104ffe1834e 3
rr_event 41442797-538b-4de9-b950-1104ffe1834e 3
rr_event 41442797-538b-4de9-b950-1104ffe1834e 3
rr_event 41442797-538b-4de9-b950-1104ffe1834e 3
rr_event 41442797-538b-4de9-b950-1104ffe1834e 3
rr_event 41442797-538b-4de9-b950-1104ffe1834e 3
rr_event 41442797-538b-4de9-b950-1104ffe1834e 3
rr_event 41442797-538b-4de9-b950-1104ffe1834e 3
rr_event 41442797-538b-4de9-b950-1104ffe1834e 3
rr_event 41442797-538b-4de9-b950-1104ffe1834e 3
rr_event 41442797-538b-4de9-b950-1104ffe1834e 3
rr_event 41442797-538b-4de9-b950-1104ffe1834e 3
rr_event 41442797-538b-4de9-b950-1104ffe1834e 3
rr_event 41442797-538b-4de9-b950-1104ffe1834e 3
rr_event 41442797-538b-4de9-b950-1104ffe1834e 3
rr_event 41442797-538b-4de9-b950-1104ffe1834e 3
rr_event 41442797-538b-4de9-b950-1104ffe1834e 3
rr_event 41442797-538b-4de9-b950-1104ffe1834e 3
rr_event 41442797-538b-4de9-b950-1104ffe1834e 3
rr_event 41442797-538b-4de9-b950-1104ffe1834e 3
rr_event 41442797-538b-4de9-b950-1104ffe1834e 3
rr_event 41442797-538b-4de9-b950-1104ffe1834e 3
rr_event 41442797-538b-4de9-b950-1104ffe1834e 3
rr_event 41442797-538b-4de9-b950-1104ffe1834e 3
rr_event 41442797-538b-4de9-b950-1104ffe1834e 3
rr_event 41442797-538b-4de9-b950-1104ffe1834e 3
rr_event 41442797-538b-4de9-b950-1104ffe1834e 3
rr_event 41442797-538b-4de9-b950-1104ffe1834e 3
rr_event 41442797-538b-4de9-b950-1104ffe1834e 3
rr_event 41442797-538b-4de9-b950-1104ffe1834e 3
rr_event 41442797-538b-4de9-b950-1104ffe1834e 3
rr_event 41442797-538b-4de9-b950-1104ffe1834e 3
rr_event 41442797-538b-4de9-b950-1104ffe1834e 3
rr_event 41442797-538b-4de9-b950-1104ffe1834e 3
rr_event 41442797-538b-4de9-b950-1104ffe1834e 3
rr_event 41442797-538b-4de9-b950-1104ffe1834e 3
rr_event 41442797-538b-4de9-b950-1104ffe1834e 3
rr_event 41442797-538b-4de9-b950-1104ffe1834e 3
rr_event 41442797-538b-4de9-b950-1104ffe1834e 3
rr_event 41442797-538b-4de9-b950-1104ffe1834e 3
rr_event 41442797-538b-4de9-b950-1104ffe1834e 3
rr_event 41442797-538b-4de9-b950-1104ffe1834e 3
rr_event 41442797-538b-4de9-b950-1104ffe1834e 3
rr_event 41442797-538b-4de9-b950-1104ffe1834e 3
rr_event 41442797-538b-4de9-b950-1104ffe1834e 3
rr_event 41442797-538b-4de9-b950-1104ffe1834e 3
rr_event 41442797-538b-4de9-b950-1104ffe1834e 3
rr_event 41442797-538b-4de9-b950-1104ffe1834e 3
rr_event 41442797-538b-4de9-b950-1104ffe1834e 3
rr_event 41442797-538b-4de9-b950-1104ffe1834e 3
rr_event 41442797-538b-4de9-b950-1104ffe1834e 3
rr_event 41442797-538b-4de9-b950-1104ffe1834e 3
rr_event 41442797-538b-4de9-b950-1104ffe1834e 3
rr_event 41442797-538b-4de9-b950-1104ffe1834e 3
rr_event 41442797-538b-4de9-b950-1104ffe1834e 3
rr_event 41442797-538b-4de9-b950-1104ffe1834e 3
rr_event 41442797-538b-4de9-b950-1104ffe1834e 3
rr_event 41442797-538b-4de9-b950-1104ffe1834e 3
rr_event 41442797-538b-4de9-b950-1104ffe1834e 3
rr_event 41442797-538b-4de9-b950-1104ffe1834e 3
rr_event 41442797-538b-4de9-b950-1104ffe1834e 3
rr_event 41442797-538b-4de9-b950-1104ffe1834e 3
rr_event 41442797-538b-4de9-b950-1104ffe1834e 3
rr_event 41442797-538b-4de9-b950-1104ffe1834e 3
rr_event 41442797-538b-4de9-b950-1104ffe1834e 3
rr_event 41442797-538b-4de9-b950-1104ffe1834e 3
rr_event 41442797-538b-4de9-b950-1104ffe1834e 3
rr_event 41442797-538b-4de9-b950-1104ffe1834e 3
rr_event 41442797-538b-4de9-b950-1104ffe1834e 3
rr_event 41442797-538b-4de9-b950-1104ffe1834e 3
rr_event 41442797-538b-4de9-b950-1104ffe1834e 3
rr_event 41442797-538b-4de9-b950-1104ffe1834e 3
rr_event 41442797-538b-4de9-b950-1104ffe1834e 3
rr_event 41442797-538b-4de9-b950-1104ffe1834e 3
rr_event 41442797-538b-4de9-b950-1104ffe1834e 3
rr_event 41442797-538b-4de9-b950-1104ffe1834e 3
rr_event 41442797-538b-4de9-b950-1104ffe1834e 3
rr_event 41442797-538b-4de9-b950-1104ffe1834e 3
rr_event 41442797-538b-4de9-b950-1104ffe1834e 3
rr_event 41442797-538b-4de9-b950-1104ffe1834e 3
rr_event 41442797-538b-4de9-b950-1104ffe1834e 3
rr_event 41442797-538b-4de9-b950-1104ffe1834e 3
rr_event 41442797-538b-4de9-b950-1104ffe1834e 3
rr_event 41442797-538b-4de9-b950-1104ffe1834e 3
rr_event 41442797-538b-4de9-b950-1104ffe1834e 3
rr_event 41442797-538b-4de9-b950-1104ffe1834e 3
rr_event 41442797-538b-4de9-b950-1104ffe1834e 3
rr_event 41442797-538b-4de9-b950-1104ffe1834e 3
rr_event 41442797-538b-4de9-b950-1104ffe1834e 3
rr_event 41442797-538b-4de9-b950-1104ffe1834e 3
rr_event 41442797-538b-4de9-b950-1104ffe1834e 3
rr_event 41442797-538b-4de9-b950-1104ffe1834e 3
rr_event 41442797-538b-4de9-b950-1104ffe1834e 3
rr_event 41442797-538b-4de9-b950-1104ffe1834e 3
rr_event 41442797-538b-4de9-b950-1104ffe1834e 3
rr_event 41442797-538b-4de9-b950-1104ffe1834e 3
rr_event 41442797-538b-4de9-b950-1104ffe1834e 3
rr_event 41442797-538b-4de9-b950-1104ffe1834e 3
rr_event 41442797-538b-4de9-b950-1104ffe1834e 3
rr_event 41442797-538b-4de9-b950-1104ffe1834e 3
rr_event 41442797-538b-4de9-b950-1104ffe1834e 3
rr_event 41442797-538b-4de9-b950-1104ffe1834e 3
rr_event 41442797-538b-4de9-b950-1104ffe1834e 3
rr_event 41442797-538b-4de9-b950-1104ffe1834e 3
rr_event 41442797-538b-4de9-b950-1104ffe1834e 3
rr_event 41442797-538b-4de9-b950-1104ffe1834e 3
rr_event 41442797-538b-4de9-b950-1104ffe1834e 3
rr_event 41442797-538b-4de9-b950-1104ffe1834e 3
rr_event 41442797-538b-4de9-b950-1104ffe1834e 3
rr_event 41442797-538b-4de9-b950-1104ffe1834e 3
rr_event 41442797-538b-4de9-b950-1104ffe1834e 3
rr_event 41442797-538b-4de9-b950-1104ffe1834e 3
rr_event 41442797-538b-4de9-b950-1104ffe1834e 3
rr_event 41442797-538b-4de9-b950-1104ffe1834e 3
rr_event 41442797-538b-4de9-b950-1104ffe1834e 3
rr_event 41442797-538b-4de9-b950-1104ffe1834e 3
rr_event 41442797-538b-4de9-b950-1104ffe1834e 3
rr_event 41442797-538b-4de9-b950-1104ffe1834e 3
rr_event 41442797-538b-4de9-b950-1104ffe1834e 3
rr_event 41442797-538b-4de9-b950-1104ffe1834e 3
rr_event 41442797-538b-4de9-b950-1104ffe1834e 3
rr_event 41442797-538b-4de9-b950-1104ffe1834e 3
rr_event 41442797-538b-4de9-b950-1104ffe1834e 3
rr_event 41442797-538b-4de9-b950-1104ffe1834e 3
rr_event 41442797-538b-4de9-b950-1104ffe1834e 3
rr_event 41442797-538b-4de9-b950-1104ffe1834e 3
rr_event 41442797-538b-4de9-b950-1104ffe1834e 3
rr_event 41442797-538b-4de9-b950-1104ffe1834e 3
rr_event 41442797-538b-4de9-b950-1104ffe1834e 3
rr_event 41442797-538b-4de9-b950-1104ffe1834e 3
rr_event 41442797-538b-4de9-b950-1104ffe1834e 3
rr_event 41442797-538b-4de9-b950-1104ffe1834e 3
rr_event 41442797-538b-4de9-b950-1104ffe1834e 3
rr_event 41442797-538b-4de9-b950-1104ffe1834e 3
rr_event 41442797-538b-4de9-b950-1104ffe1834e 3
rr_event 41442797-538b-4de9-b950-1104ffe1834e 3
rr_event 41442797-538b-4de9-b950-1104ffe1834e 3
rr_event 41442797-538b-4de9-b950-1104ffe1834e 3
rr_event 41442797-538b-4de9-b950-1104ffe1834e 3
rr_event 41442797-538b-4de9-b950-1104ffe1834e 3
rr_event 41442797-538b-4de9-b950-1104ffe1834e 3
rr_event 41442797-538b-4de9-b950-1104ffe1834e 3
rr_event 41442797-538b-4de9-b950-1104ffe1834e 3
rr_event 41442797-538b-4de9-b950-1104ffe1834e 3
rr_event 41442797-538b-4de9-b950-1104ffe1834e 3
rr_event 41442797-538b-4de9-b950-1104ffe1834e 3
rr_event 41442797-538b-4de9-b950-1104ffe1834e 3
rr_event 41442797-538b-4de9-b950-1104ffe1834e 3
rr_event 41442797-538b-4de9-b950-1104ffe1834e 3
rr_event 41442797-538b-4de9-b950-1104ffe1834e 3
rr_event 41442797-538b-4de9-b950-1104ffe1834e 3
rr_event 41442797-538b-4de9-b950-1104ffe1834e 3
rr_event 41442797-538b-4de9-b950-1104ffe1834e 3
rr_event 41442797-538b-4de9-b950-1104ffe1834e 3
rr_event 41442797-538b-4de9-b950-1104ffe1834e 3
rr_event 41442797-538b-4de9-b950-1104ffe1834e 3
rr_event 41442797-538b-4de9-b950-1104ffe1834e 3
rr_event 41442797-538b-4de9-b950-1104ffe1834e 3
rr_event 41442797-538b-4de9-b950-1104ffe1834e 3
rr_event 41442797-538b-4de9-b950-1104ffe1834e 3
rr_event 41442797-538b-4de9-b950-1104ffe1834e 3
rr_event 41442797-538b-4de9-b950-1104ffe1834e 3
rr_event 41442797-538b-4de9-b950-1104ffe1834e 3
rr_event 41442797-538b-4de9-b950-1104ffe1834e 3
rr_event 41442797-538b-4de9-b950-1104ffe1834e 3
rr_event 41442797-538b-4de9-b950-1104ffe1834e 3
rr_event 41442797-538b-4de9-b950-1104ffe1834e 3
rr_event 41442797-538b-4de9-b950-1104ffe1834e 3
rr_event 41442797-538b-4de9-b950-1104ffe1834e 3
rr_event 41442797-538b-4de9-b950-1104ffe1834e 3
rr_event 41442797-538b-4de9-b950-1104ffe1834e 3
rr_event 41442797-538b-4de9-b950-1104ffe1834e 3
rr_event 41442797-538b-4de9-b950-1104ffe1834e 3
rr_event 41442797-538b-4de9-b950-1104ffe1834e 3
rr_event 41442797-538b-4de9-b950-1104ffe1834e 3
rr_event 41442797-538b-4de9-b950-1104ffe1834e 3
rr_event 41442797-538b-4de9-b950-1104ffe1834e 3
rr_event 41442797-538b-4de9-b950-1104ffe1834e 3
rr_event 41442797-538b-4de9-b950-1104ffe1834e 3
rr_event 41442797-538b-4de9-b950-1104ffe1834e 3
rr_event 41442797-538b-4de9-b950-1104ffe1834e 3
rr_event 41442797-538b-4de9-b950-1104ffe1834e 3
rr_event 41442797-538b-4de9-b950-1104ffe1834e 3
rr_event 41442797-538b-4de9-b950-1104ffe1834e 3
rr_event 41442797-538b-4de9-b950-1104ffe1834e 3
rr_event 41442797-538b-4de9-b950-1104ffe1834e 3
rr_event 41442797-538b-4de9-b950-1104ffe1834e 3
rr_event 41442797-538b-4de9-b950-1104ffe1834e 3
rr_event 41442797-538b-4de9-b950-1104ffe1834e 3
rr_event 41442797-538b-4de9-b950-1104ffe1834e 3
rr_event 41442797-538b-4de9-b950-1104ffe1834e 3
rr_event 41442797-538b-4de9-b950-1104ffe1834e 3
rr_event 41442797-538b-4de9-b950-1104ffe1834e 3
rr_event 41442797-538b-4de9-b950-1104ffe1834e 3
rr_event 41442797-538b-4de9-b950-1104ffe1834e 3
rr_event 41442797-538b-4de9-b950-1104ffe1834e 3
rr_event 41442797-538b-4de9-b950-1104ffe1834e 3
rr_event 41442797-538b-4de9-b950-1104ffe1834e 3
rr_event 41442797-538b-4de9-b950-1104ffe1834e 3
rr_event 41442797-538b-4de9-b950-1104ffe1834e 3
rr_event 41442797-538b-4de9-b950-1104ffe1834e 3
rr_event 41442797-538b-4de9-b950-1104ffe1834e 3
rr_event 41442797-538b-4de9-b950-1104ffe1834e 3
rr_event 41442797-538b-4de9-b950-1104ffe1834e 3
rr_event 41442797-538b-4de9-b950-1104ffe1834e 3
rr_event 41442797-538b-4de9-b950-1104ffe1834e 3
rr_event 41442797-538b-4de9-b950-1104ffe1834e 3
rr_event 41442797-538b-4de9-b950-1104ffe1834e 3
rr_event 41442797-538b-4de9-b950-1104ffe1834e 3
rr_event 41442797-538b-4de9-b950-1104ffe1834e 3
rr_event 41442797-538b-4de9-b950-1104ffe1834e 3
rr_event 41442797-538b-4de9-b950-1104ffe1834e 3
rr_event 41442797-538b-4de9-b950-1104ffe1834e 3
rr_event 41442797-538b-4de9-b950-1104ffe1834e 3
rr_event 41442797-538b-4de9-b950-1104ffe1834e 3
rr_event 41442797-538b-4de9-b950-1104ffe1834e 3
rr_event 41442797-538b-4de9-b950-1104ffe1834e 3
rr_event 41442797-538b-4de9-b950-1104ffe1834e 3
rr_event 41442797-538b-4de9-b950-1104ffe1834e 3
rr_event 41442797-538b-4de9-b950-1104ffe1834e 3
rr_event 41442797-538b-4de9-b950-1104ffe1834e 3
socket connected: 43qcf4vtatPSDdeFAABR
rr_event 66ae4097-866f-492c-b0dc-a79cf99f2fd6 4
socket disconnected 43qcf4vtatPSDdeFAABR transport error
socket connected: vLpDep93LTpbiPLqAABT
rr_event 66ae4097-866f-492c-b0dc-a79cf99f2fd6 3
rr_event 66ae4097-866f-492c-b0dc-a79cf99f2fd6 3
rr_event 66ae4097-866f-492c-b0dc-a79cf99f2fd6 3
rr_event 66ae4097-866f-492c-b0dc-a79cf99f2fd6 3
rr_event 66ae4097-866f-492c-b0dc-a79cf99f2fd6 3
rr_event 66ae4097-866f-492c-b0dc-a79cf99f2fd6 3
rr_event 66ae4097-866f-492c-b0dc-a79cf99f2fd6 3
rr_event 66ae4097-866f-492c-b0dc-a79cf99f2fd6 3
rr_event 66ae4097-866f-492c-b0dc-a79cf99f2fd6 3
rr_event 66ae4097-866f-492c-b0dc-a79cf99f2fd6 3
rr_event 66ae4097-866f-492c-b0dc-a79cf99f2fd6 3
rr_event 66ae4097-866f-492c-b0dc-a79cf99f2fd6 3
rr_event 66ae4097-866f-492c-b0dc-a79cf99f2fd6 3
rr_event 66ae4097-866f-492c-b0dc-a79cf99f2fd6 3
rr_event 66ae4097-866f-492c-b0dc-a79cf99f2fd6 3
rr_event 66ae4097-866f-492c-b0dc-a79cf99f2fd6 3
rr_event 66ae4097-866f-492c-b0dc-a79cf99f2fd6 3
rr_event 66ae4097-866f-492c-b0dc-a79cf99f2fd6 3
rr_event 66ae4097-866f-492c-b0dc-a79cf99f2fd6 3
rr_event 66ae4097-866f-492c-b0dc-a79cf99f2fd6 3
rr_event 66ae4097-866f-492c-b0dc-a79cf99f2fd6 3
rr_event 66ae4097-866f-492c-b0dc-a79cf99f2fd6 3
rr_event 66ae4097-866f-492c-b0dc-a79cf99f2fd6 3
rr_event 66ae4097-866f-492c-b0dc-a79cf99f2fd6 3
rr_event 66ae4097-866f-492c-b0dc-a79cf99f2fd6 3
rr_event 66ae4097-866f-492c-b0dc-a79cf99f2fd6 3
rr_event 66ae4097-866f-492c-b0dc-a79cf99f2fd6 3
rr_event 66ae4097-866f-492c-b0dc-a79cf99f2fd6 3
rr_event 66ae4097-866f-492c-b0dc-a79cf99f2fd6 3
rr_event 66ae4097-866f-492c-b0dc-a79cf99f2fd6 3
rr_event 66ae4097-866f-492c-b0dc-a79cf99f2fd6 3
rr_event 66ae4097-866f-492c-b0dc-a79cf99f2fd6 3
rr_event 66ae4097-866f-492c-b0dc-a79cf99f2fd6 3
rr_event 66ae4097-866f-492c-b0dc-a79cf99f2fd6 3
rr_event 66ae4097-866f-492c-b0dc-a79cf99f2fd6 3
rr_event 66ae4097-866f-492c-b0dc-a79cf99f2fd6 3
rr_event 66ae4097-866f-492c-b0dc-a79cf99f2fd6 3
rr_event 66ae4097-866f-492c-b0dc-a79cf99f2fd6 3
rr_event 66ae4097-866f-492c-b0dc-a79cf99f2fd6 3
rr_event 66ae4097-866f-492c-b0dc-a79cf99f2fd6 3
rr_event 66ae4097-866f-492c-b0dc-a79cf99f2fd6 3
rr_event 66ae4097-866f-492c-b0dc-a79cf99f2fd6 3
rr_event 66ae4097-866f-492c-b0dc-a79cf99f2fd6 3
rr_event 66ae4097-866f-492c-b0dc-a79cf99f2fd6 3
rr_event 66ae4097-866f-492c-b0dc-a79cf99f2fd6 3
rr_event 66ae4097-866f-492c-b0dc-a79cf99f2fd6 3
rr_event 66ae4097-866f-492c-b0dc-a79cf99f2fd6 3
rr_event 66ae4097-866f-492c-b0dc-a79cf99f2fd6 3
rr_event 66ae4097-866f-492c-b0dc-a79cf99f2fd6 3
rr_event 66ae4097-866f-492c-b0dc-a79cf99f2fd6 3
rr_event 66ae4097-866f-492c-b0dc-a79cf99f2fd6 3
rr_event 66ae4097-866f-492c-b0dc-a79cf99f2fd6 3
rr_event 66ae4097-866f-492c-b0dc-a79cf99f2fd6 3
rr_event 66ae4097-866f-492c-b0dc-a79cf99f2fd6 3
rr_event 66ae4097-866f-492c-b0dc-a79cf99f2fd6 3
rr_event 66ae4097-866f-492c-b0dc-a79cf99f2fd6 3
auth attempt {
  session_name: '66ae4097-866f-492c-b0dc-a79cf99f2fd6',
  token: '6c9b3c7ff61e493ca651bc6639de6eca',
  role: 'target'
}
socket auth validated ok for 66ae4097-866f-492c-b0dc-a79cf99f2fd6
rr_event 66ae4097-866f-492c-b0dc-a79cf99f2fd6 3
rr_event 66ae4097-866f-492c-b0dc-a79cf99f2fd6 3
rr_event 66ae4097-866f-492c-b0dc-a79cf99f2fd6 3
rr_event 66ae4097-866f-492c-b0dc-a79cf99f2fd6 3
rr_event 66ae4097-866f-492c-b0dc-a79cf99f2fd6 3
rr_event 66ae4097-866f-492c-b0dc-a79cf99f2fd6 3
rr_event 66ae4097-866f-492c-b0dc-a79cf99f2fd6 3
rr_event 66ae4097-866f-492c-b0dc-a79cf99f2fd6 3
rr_event 66ae4097-866f-492c-b0dc-a79cf99f2fd6 3
rr_event 66ae4097-866f-492c-b0dc-a79cf99f2fd6 3
rr_event 66ae4097-866f-492c-b0dc-a79cf99f2fd6 3
rr_event 66ae4097-866f-492c-b0dc-a79cf99f2fd6 3
rr_event 66ae4097-866f-492c-b0dc-a79cf99f2fd6 3
rr_event 66ae4097-866f-492c-b0dc-a79cf99f2fd6 3
rr_event 66ae4097-866f-492c-b0dc-a79cf99f2fd6 3
rr_event 66ae4097-866f-492c-b0dc-a79cf99f2fd6 3
rr_event 66ae4097-866f-492c-b0dc-a79cf99f2fd6 3
rr_event 66ae4097-866f-492c-b0dc-a79cf99f2fd6 3
rr_event 66ae4097-866f-492c-b0dc-a79cf99f2fd6 3
rr_event 66ae4097-866f-492c-b0dc-a79cf99f2fd6 3
rr_event 66ae4097-866f-492c-b0dc-a79cf99f2fd6 3
rr_event 66ae4097-866f-492c-b0dc-a79cf99f2fd6 3
rr_event 66ae4097-866f-492c-b0dc-a79cf99f2fd6 3
rr_event 66ae4097-866f-492c-b0dc-a79cf99f2fd6 3
rr_event 66ae4097-866f-492c-b0dc-a79cf99f2fd6 3
rr_event 66ae4097-866f-492c-b0dc-a79cf99f2fd6 3
rr_event 66ae4097-866f-492c-b0dc-a79cf99f2fd6 3
rr_event 66ae4097-866f-492c-b0dc-a79cf99f2fd6 3
rr_event 66ae4097-866f-492c-b0dc-a79cf99f2fd6 3
rr_event 66ae4097-866f-492c-b0dc-a79cf99f2fd6 3
rr_event 66ae4097-866f-492c-b0dc-a79cf99f2fd6 3
rr_event 66ae4097-866f-492c-b0dc-a79cf99f2fd6 3
rr_event 66ae4097-866f-492c-b0dc-a79cf99f2fd6 3
rr_event 66ae4097-866f-492c-b0dc-a79cf99f2fd6 3
rr_event 66ae4097-866f-492c-b0dc-a79cf99f2fd6 3
rr_event 66ae4097-866f-492c-b0dc-a79cf99f2fd6 3
rr_event 66ae4097-866f-492c-b0dc-a79cf99f2fd6 3
rr_event 66ae4097-866f-492c-b0dc-a79cf99f2fd6 3
rr_event 66ae4097-866f-492c-b0dc-a79cf99f2fd6 3
rr_event 66ae4097-866f-492c-b0dc-a79cf99f2fd6 3
rr_event 66ae4097-866f-492c-b0dc-a79cf99f2fd6 3
rr_event 66ae4097-866f-492c-b0dc-a79cf99f2fd6 3
rr_event 66ae4097-866f-492c-b0dc-a79cf99f2fd6 3
rr_event 66ae4097-866f-492c-b0dc-a79cf99f2fd6 3
rr_event 66ae4097-866f-492c-b0dc-a79cf99f2fd6 3
rr_event 66ae4097-866f-492c-b0dc-a79cf99f2fd6 3
rr_event 66ae4097-866f-492c-b0dc-a79cf99f2fd6 3
rr_event 66ae4097-866f-492c-b0dc-a79cf99f2fd6 3
rr_event 66ae4097-866f-492c-b0dc-a79cf99f2fd6 3
rr_event 66ae4097-866f-492c-b0dc-a79cf99f2fd6 3
rr_event 66ae4097-866f-492c-b0dc-a79cf99f2fd6 3
rr_event 66ae4097-866f-492c-b0dc-a79cf99f2fd6 3
rr_event 66ae4097-866f-492c-b0dc-a79cf99f2fd6 3
rr_event 66ae4097-866f-492c-b0dc-a79cf99f2fd6 3
rr_event 66ae4097-866f-492c-b0dc-a79cf99f2fd6 3
rr_event 66ae4097-866f-492c-b0dc-a79cf99f2fd6 3
rr_event 66ae4097-866f-492c-b0dc-a79cf99f2fd6 3
rr_event 66ae4097-866f-492c-b0dc-a79cf99f2fd6 3
rr_event 66ae4097-866f-492c-b0dc-a79cf99f2fd6 3
rr_event 66ae4097-866f-492c-b0dc-a79cf99f2fd6 3
rr_event 66ae4097-866f-492c-b0dc-a79cf99f2fd6 3
rr_event 66ae4097-866f-492c-b0dc-a79cf99f2fd6 3
rr_event 66ae4097-866f-492c-b0dc-a79cf99f2fd6 3
rr_event 66ae4097-866f-492c-b0dc-a79cf99f2fd6 3
rr_event 66ae4097-866f-492c-b0dc-a79cf99f2fd6 3
rr_event 66ae4097-866f-492c-b0dc-a79cf99f2fd6 3
rr_event 66ae4097-866f-492c-b0dc-a79cf99f2fd6 3
rr_event 66ae4097-866f-492c-b0dc-a79cf99f2fd6 3
rr_event 66ae4097-866f-492c-b0dc-a79cf99f2fd6 3
rr_event 66ae4097-866f-492c-b0dc-a79cf99f2fd6 3
rr_event 66ae4097-866f-492c-b0dc-a79cf99f2fd6 3
rr_event 66ae4097-866f-492c-b0dc-a79cf99f2fd6 3
rr_event 66ae4097-866f-492c-b0dc-a79cf99f2fd6 3
rr_event 66ae4097-866f-492c-b0dc-a79cf99f2fd6 3
rr_event 66ae4097-866f-492c-b0dc-a79cf99f2fd6 3
rr_event 66ae4097-866f-492c-b0dc-a79cf99f2fd6 3
rr_event 66ae4097-866f-492c-b0dc-a79cf99f2fd6 3
rr_event 66ae4097-866f-492c-b0dc-a79cf99f2fd6 3
rr_event 66ae4097-866f-492c-b0dc-a79cf99f2fd6 3
rr_event 66ae4097-866f-492c-b0dc-a79cf99f2fd6 3
rr_event 66ae4097-866f-492c-b0dc-a79cf99f2fd6 3
rr_event 66ae4097-866f-492c-b0dc-a79cf99f2fd6 3
rr_event 66ae4097-866f-492c-b0dc-a79cf99f2fd6 3
rr_event 66ae4097-866f-492c-b0dc-a79cf99f2fd6 3
rr_event 66ae4097-866f-492c-b0dc-a79cf99f2fd6 3
rr_event 66ae4097-866f-492c-b0dc-a79cf99f2fd6 3
rr_event 66ae4097-866f-492c-b0dc-a79cf99f2fd6 3
rr_event 66ae4097-866f-492c-b0dc-a79cf99f2fd6 3
rr_event 66ae4097-866f-492c-b0dc-a79cf99f2fd6 3
rr_event 66ae4097-866f-492c-b0dc-a79cf99f2fd6 3
rr_event 66ae4097-866f-492c-b0dc-a79cf99f2fd6 3
rr_event 66ae4097-866f-492c-b0dc-a79cf99f2fd6 3
rr_event 66ae4097-866f-492c-b0dc-a79cf99f2fd6 3
rr_event 66ae4097-866f-492c-b0dc-a79cf99f2fd6 3
rr_event 66ae4097-866f-492c-b0dc-a79cf99f2fd6 3
rr_event 66ae4097-866f-492c-b0dc-a79cf99f2fd6 3
rr_event 66ae4097-866f-492c-b0dc-a79cf99f2fd6 3
rr_event 66ae4097-866f-492c-b0dc-a79cf99f2fd6 3
rr_event 66ae4097-866f-492c-b0dc-a79cf99f2fd6 3
rr_event 66ae4097-866f-492c-b0dc-a79cf99f2fd6 3
rr_event 66ae4097-866f-492c-b0dc-a79cf99f2fd6 3
rr_event 66ae4097-866f-492c-b0dc-a79cf99f2fd6 3
rr_event 66ae4097-866f-492c-b0dc-a79cf99f2fd6 3
rr_event 66ae4097-866f-492c-b0dc-a79cf99f2fd6 3
rr_event 66ae4097-866f-492c-b0dc-a79cf99f2fd6 3
rr_event 66ae4097-866f-492c-b0dc-a79cf99f2fd6 3
rr_event 66ae4097-866f-492c-b0dc-a79cf99f2fd6 3
rr_event 66ae4097-866f-492c-b0dc-a79cf99f2fd6 3
rr_event 66ae4097-866f-492c-b0dc-a79cf99f2fd6 3
rr_event 66ae4097-866f-492c-b0dc-a79cf99f2fd6 3
rr_event 66ae4097-866f-492c-b0dc-a79cf99f2fd6 3
rr_event 66ae4097-866f-492c-b0dc-a79cf99f2fd6 3
rr_event 66ae4097-866f-492c-b0dc-a79cf99f2fd6 3
rr_event 66ae4097-866f-492c-b0dc-a79cf99f2fd6 3
rr_event 66ae4097-866f-492c-b0dc-a79cf99f2fd6 3
rr_event 66ae4097-866f-492c-b0dc-a79cf99f2fd6 3
rr_event 66ae4097-866f-492c-b0dc-a79cf99f2fd6 3
rr_event 66ae4097-866f-492c-b0dc-a79cf99f2fd6 3
rr_event 66ae4097-866f-492c-b0dc-a79cf99f2fd6 3
rr_event 66ae4097-866f-492c-b0dc-a79cf99f2fd6 3
rr_event 66ae4097-866f-492c-b0dc-a79cf99f2fd6 3
rr_event 66ae4097-866f-492c-b0dc-a79cf99f2fd6 3
rr_event 66ae4097-866f-492c-b0dc-a79cf99f2fd6 3
rr_event 66ae4097-866f-492c-b0dc-a79cf99f2fd6 3
rr_event 66ae4097-866f-492c-b0dc-a79cf99f2fd6 3
rr_event 66ae4097-866f-492c-b0dc-a79cf99f2fd6 3
rr_event 66ae4097-866f-492c-b0dc-a79cf99f2fd6 3
rr_event 66ae4097-866f-492c-b0dc-a79cf99f2fd6 3
rr_event 66ae4097-866f-492c-b0dc-a79cf99f2fd6 3
rr_event 66ae4097-866f-492c-b0dc-a79cf99f2fd6 3
rr_event 66ae4097-866f-492c-b0dc-a79cf99f2fd6 3
rr_event 66ae4097-866f-492c-b0dc-a79cf99f2fd6 3
rr_event 66ae4097-866f-492c-b0dc-a79cf99f2fd6 3
rr_event 66ae4097-866f-492c-b0dc-a79cf99f2fd6 3
rr_event 66ae4097-866f-492c-b0dc-a79cf99f2fd6 3
rr_event 66ae4097-866f-492c-b0dc-a79cf99f2fd6 3
rr_event 66ae4097-866f-492c-b0dc-a79cf99f2fd6 3
rr_event 66ae4097-866f-492c-b0dc-a79cf99f2fd6 3
rr_event 66ae4097-866f-492c-b0dc-a79cf99f2fd6 3
rr_event 66ae4097-866f-492c-b0dc-a79cf99f2fd6 3
rr_event 66ae4097-866f-492c-b0dc-a79cf99f2fd6 3
rr_event 66ae4097-866f-492c-b0dc-a79cf99f2fd6 3
rr_event 66ae4097-866f-492c-b0dc-a79cf99f2fd6 3
rr_event 66ae4097-866f-492c-b0dc-a79cf99f2fd6 3
rr_event 66ae4097-866f-492c-b0dc-a79cf99f2fd6 3
rr_event 66ae4097-866f-492c-b0dc-a79cf99f2fd6 3
rr_event 66ae4097-866f-492c-b0dc-a79cf99f2fd6 3
rr_event 66ae4097-866f-492c-b0dc-a79cf99f2fd6 3
rr_event 66ae4097-866f-492c-b0dc-a79cf99f2fd6 3
rr_event 66ae4097-866f-492c-b0dc-a79cf99f2fd6 3
rr_event 66ae4097-866f-492c-b0dc-a79cf99f2fd6 3
rr_event 66ae4097-866f-492c-b0dc-a79cf99f2fd6 3
rr_event 66ae4097-866f-492c-b0dc-a79cf99f2fd6 3
rr_event 66ae4097-866f-492c-b0dc-a79cf99f2fd6 3
rr_event 66ae4097-866f-492c-b0dc-a79cf99f2fd6 3
rr_event 66ae4097-866f-492c-b0dc-a79cf99f2fd6 3
rr_event 66ae4097-866f-492c-b0dc-a79cf99f2fd6 3
rr_event 66ae4097-866f-492c-b0dc-a79cf99f2fd6 3
rr_event 66ae4097-866f-492c-b0dc-a79cf99f2fd6 3
rr_event 66ae4097-866f-492c-b0dc-a79cf99f2fd6 3
rr_event 66ae4097-866f-492c-b0dc-a79cf99f2fd6 3
rr_event 66ae4097-866f-492c-b0dc-a79cf99f2fd6 3
rr_event 66ae4097-866f-492c-b0dc-a79cf99f2fd6 3
rr_event 66ae4097-866f-492c-b0dc-a79cf99f2fd6 3
rr_event 66ae4097-866f-492c-b0dc-a79cf99f2fd6 3
rr_event 66ae4097-866f-492c-b0dc-a79cf99f2fd6 3
rr_event 66ae4097-866f-492c-b0dc-a79cf99f2fd6 3
rr_event 66ae4097-866f-492c-b0dc-a79cf99f2fd6 3
rr_event 66ae4097-866f-492c-b0dc-a79cf99f2fd6 3
rr_event 66ae4097-866f-492c-b0dc-a79cf99f2fd6 3
rr_event 66ae4097-866f-492c-b0dc-a79cf99f2fd6 3
rr_event 66ae4097-866f-492c-b0dc-a79cf99f2fd6 3
rr_event 66ae4097-866f-492c-b0dc-a79cf99f2fd6 3
rr_event 66ae4097-866f-492c-b0dc-a79cf99f2fd6 3
rr_event 66ae4097-866f-492c-b0dc-a79cf99f2fd6 3
